jaccard_subtrees,cosine_paths,abs_token_count_diff,avg_token_count,subtree_count_A,subtree_count_B,path_count_A,path_count_B,token_count_A,token_count_B,call_approx_A,call_approx_B,label
0.0,0.9616453203962874,0,33.0,29,29,177,177,33,33,4,4,1
0.0,0.4788105943467773,9,17.5,18,9,111,57,22,13,4,2,0
1.0,1.0,0,33.0,29,29,177,177,33,33,4,4,1
0.025,0.9407965600938941,0,45.0,41,41,249,249,45,45,7,7,1
0.0,0.7426442554411844,0,45.0,41,41,249,249,45,45,5,7,0
0.0,0.2100093103134557,4,24.0,18,22,111,135,22,26,4,3,0
1.0,1.0,0,22.0,18,18,111,111,22,22,4,4,1
0.0,0.3872057477237476,51,36.5,58,7,351,45,62,11,6,1,0
1.0,1.0,0,22.0,18,18,111,111,22,22,4,4,1
0.0,0.6099597170402992,13,15.5,5,18,33,111,9,22,2,4,0
0.0,0.5833246150272775,7,10.5,10,3,63,21,14,7,1,1,0
1.0,1.0,0,33.0,29,29,177,177,33,33,4,4,1
1.0,1.0000000000000002,0,45.0,41,41,249,249,45,45,5,5,1
1.0,1.0,0,22.0,18,18,111,111,22,22,4,4,1
1.0,1.0000000000000002,0,45.0,41,41,249,249,45,45,5,5,1
0.0,0.7937278038769522,17,53.5,58,41,351,249,62,45,6,5,0
1.0,1.0000000000000002,0,62.0,58,58,351,351,62,62,6,6,1
0.0,0.6342098762254912,42,41.0,16,58,99,351,20,62,3,6,0
0.0,0.34848371253316923,23,33.5,18,41,111,249,22,45,4,7,0
0.0,0.2538935062536867,11,27.5,29,18,177,111,33,22,4,4,0
1.0,1.0,0,22.0,18,18,111,111,22,22,4,4,1
0.0,0.9714099047638097,0,33.0,29,29,177,177,33,33,4,4,1
1.0,1.0000000000000002,0,45.0,41,41,249,249,45,45,5,5,1
1.0,1.0000000000000002,0,62.0,58,58,351,351,62,62,6,6,1
0.0,0.7955456720309435,20,18.0,24,4,147,27,28,8,2,1,1
0.0,0.7050193098712491,29,47.5,29,58,177,351,33,62,4,6,0
1.0,1.0,0,22.0,18,18,111,111,22,22,4,4,1
1.0,1.0,0,28.0,24,24,147,147,28,28,2,2,1
1.0,1.0,0,33.0,29,29,177,177,33,33,4,4,1
1.0,1.0,0,22.0,18,18,111,111,22,22,4,4,1
0.05128205128205128,0.83999371110894,0,45.0,41,41,249,249,45,45,5,5,1
1.0,1.0,0,22.0,18,18,111,111,22,22,4,4,1
0.02654867256637168,0.8459968736386693,0,62.0,58,58,351,351,62,62,6,6,1
0.08333333333333333,0.9163554462138356,9,23.5,24,15,147,93,28,19,2,2,1
0.0,0.44866352839824697,6,25.0,18,24,111,147,22,28,4,2,0
0.09375,0.5902573843382767,23,21.5,29,6,177,39,33,10,4,1,1
0.0,0.44866352839824697,6,25.0,24,18,147,111,28,22,2,4,0
0.0,0.4092107825744799,13,15.5,5,18,33,111,9,22,1,4,0
1.0,1.0,0,22.0,18,18,111,111,22,22,4,4,1
0.09523809523809523,0.4205711592269744,36,27.0,41,5,249,33,45,9,5,2,1
0.025,0.7409102856472461,34,45.0,58,24,351,147,62,28,6,2,1
0.0,0.4971306841682287,17,36.5,41,24,249,147,45,28,7,2,0
1.0,1.0000000000000002,0,62.0,58,58,351,351,62,62,6,6,1
1.0,1.0000000000000002,0,45.0,41,41,249,249,45,45,7,7,1
0.0,0.849115230360101,12,39.0,41,29,249,177,45,33,7,4,0
1.0,1.0000000000000002,0,62.0,58,58,351,351,62,62,6,6,1
0.07894736842105263,0.8862713484019897,17,24.5,29,12,177,75,33,16,4,2,1
1.0,1.0,0,22.0,18,18,111,111,22,22,4,4,1
1.0,1.0000000000000002,0,62.0,58,58,351,351,62,62,6,6,1
1.0,1.0,0,22.0,18,18,111,111,22,22,4,4,1
1.0,1.0,0,33.0,29,29,177,177,33,33,4,4,1
1.0,1.0,0,22.0,18,18,111,111,22,22,4,4,1
1.0,1.0,0,22.0,18,18,111,111,22,22,4,4,1
0.025,0.9302988546201583,0,45.0,41,41,249,249,45,45,7,7,1
0.0,0.6283870409652172,17,53.5,58,41,351,249,62,45,6,7,0
0.0,0.5145818168730995,9,17.5,18,9,111,57,22,13,4,2,0
0.0,0.5365590946623766,23,16.5,24,1,147,10,28,5,2,1,1
0.0,0.4935051461708255,31,29.5,10,41,63,249,14,45,2,5,0
0.0,0.3878359693789804,0,22.0,18,18,111,111,22,22,4,4,0
0.0,0.8088136787746607,18,19.0,24,6,147,39,28,10,2,1,1
1.0,1.0000000000000002,0,45.0,41,41,249,249,45,45,7,7,1
1.0,1.0,0,22.0,18,18,111,111,22,22,4,4,1
0.0,0.44835126636768224,9,13.5,14,5,87,33,18,9,1,2,0
0.0,0.4971306841682287,17,36.5,24,41,147,249,28,45,2,7,0
0.0,0.44171747641321923,17,36.5,24,41,147,249,28,45,2,5,0
1.0,1.0000000000000002,0,45.0,41,41,249,249,45,45,5,5,1
0.0,0.43952791143390085,25,57.5,41,66,249,399,45,70,7,7,1
0.0,0.8105791217883331,17,53.5,41,58,249,351,45,62,7,6,0
0.0,0.8250208241230523,12,39.0,29,41,177,249,33,45,4,7,0
1.0,1.0,0,28.0,24,24,147,147,28,28,2,2,1
1.0,1.0,0,22.0,18,18,111,111,22,22,4,4,1
0.22580645161290322,0.6927866168157862,40,42.0,58,18,351,111,62,22,6,2,1
0.0,0.44866352839824697,6,25.0,18,24,111,147,22,28,4,2,0
0.0,0.7426442554411844,0,45.0,41,41,249,249,45,45,5,7,0
0.0,0.44171747641321923,17,36.5,41,24,249,147,45,28,5,2,0
0.047619047619047616,0.4903707320303039,38,26.0,41,3,249,21,45,7,7,1,1
1.0,1.0,0,33.0,29,29,177,177,33,33,4,4,1
0.0,0.4997916198155566,17,36.5,24,41,147,249,28,45,2,5,0
0.0,0.6469502880485907,29,47.5,58,29,351,177,62,33,6,4,0
0.05128205128205128,0.8175571612432526,0,45.0,41,41,249,249,45,45,5,5,1
0.0,0.44171747641321923,17,36.5,24,41,147,249,28,45,2,5,0
1.0,1.0,0,28.0,24,24,147,147,28,28,2,2,1
0.0,0.34848371253316923,23,33.5,18,41,111,249,22,45,4,7,0
1.0,1.0000000000000002,0,62.0,58,58,351,351,62,62,6,6,1
1.0,1.0000000000000002,0,45.0,41,41,249,249,45,45,7,7,1
0.0,0.7057605244212096,28,31.0,13,41,81,249,17,45,2,7,0
0.13725490196078433,0.9828290468009317,0,33.0,29,29,177,177,33,33,4,4,1
0.0,0.5609586327315854,11,16.5,7,18,45,111,11,22,1,4,0
0.3898305084745763,0.9015777797787092,0,45.0,41,41,249,249,45,45,5,5,1
1.0,1.0000000000000002,0,45.0,41,41,249,249,45,45,5,5,1
0.3898305084745763,0.9015777797787092,0,45.0,41,41,249,249,45,45,5,5,1
1.0,1.0,0,22.0,18,18,111,111,22,22,4,4,1
1.0,1.0,0,22.0,18,18,111,111,22,22,4,4,1
0.0,0.44866352839824697,6,25.0,24,18,147,111,28,22,2,4,0
1.0,1.0,0,33.0,29,29,177,177,33,33,4,4,1
0.0,0.7050193098712491,29,47.5,29,58,177,351,33,62,4,6,0
1.0,1.0,0,33.0,29,29,177,177,33,33,4,4,1
0.0,0.44171747641321923,17,36.5,41,24,249,147,45,28,5,2,0
1.0,1.0,0,22.0,18,18,111,111,22,22,4,4,1
0.0,0.5970555217790234,5,30.5,29,24,177,147,33,28,4,2,0
0.0,0.06324158743596323,40,25.0,1,41,10,249,5,45,1,7,0
1.0,1.0,0,22.0,18,18,111,111,22,22,4,4,1
0.0,0.2538935062536867,11,27.5,18,29,111,177,22,33,4,4,0
1.0,1.0,0,33.0,29,29,177,177,33,33,4,4,1
0.0,0.41852653300139553,28,19.0,29,1,177,10,33,5,4,1,1
1.0,1.0,0,28.0,24,24,147,147,28,28,2,2,1
0.0,0.3217423446473267,38,26.0,41,3,249,21,45,7,7,1,0
0.0,0.22709077644259612,40,42.0,58,18,351,111,62,22,6,4,0
0.030303030303030304,0.6341256039264731,48,38.0,58,10,351,63,62,14,6,1,1
0.029411764705882353,0.7507706229374196,12,39.0,41,29,249,177,45,33,5,4,0
0.0,0.5052757436535622,34,45.0,24,58,147,351,28,62,2,6,0
0.045454545454545456,0.500590214194517,36,27.0,41,5,249,33,45,9,7,2,1
1.0,1.0000000000000002,0,45.0,41,41,249,249,45,45,7,7,1
1.0,1.0,0,33.0,29,29,177,177,33,33,4,4,1
0.0,0.8247251600327484,16,20.0,24,8,147,51,28,12,2,2,1
0.0,0.4426253388659795,14,21.0,24,10,147,63,28,14,2,1,0
0.0,0.7453973202872517,24,21.0,29,5,177,33,33,9,4,2,1
0.0,0.45041389742740573,10,17.0,18,8,111,51,22,12,4,1,0
0.047619047619047616,0.4903707320303039,38,26.0,41,3,249,21,45,7,7,1,1
0.0,0.7510932748063054,0,45.0,41,41,249,249,45,45,7,5,0
0.0,0.27654321399773785,11,27.5,18,29,111,177,22,33,4,4,0
0.0,0.43242502831730206,23,33.5,41,18,249,111,45,22,5,4,0
0.0,0.6290682845164949,12,39.0,29,41,177,249,33,45,4,5,0
1.0,1.0,0,28.0,24,24,147,147,28,28,2,2,1
1.0,1.0,0,22.0,18,18,111,111,22,22,4,4,1
1.0,1.0000000000000002,0,45.0,41,41,249,249,45,45,5,5,1
0.047619047619047616,0.4903707320303039,38,26.0,41,3,249,21,45,7,7,1,1
0.0,0.34848371253316923,23,33.5,18,41,111,249,22,45,4,7,0
0.08333333333333333,0.8460746084403938,19,23.5,29,10,177,63,33,14,4,2,1
1.0,1.0,0,22.0,18,18,111,111,22,22,4,4,1
0.020833333333333332,0.5813880546791107,21,28.5,35,14,213,87,39,18,3,2,0
0.0,0.8731198100726097,29,47.5,58,29,351,177,62,33,6,4,0
0.11538461538461539,0.7611584846040838,19,18.5,24,5,147,33,28,9,2,1,1
1.0,1.0,0,22.0,18,18,111,111,22,22,4,4,1
0.0,0.8402522282166155,12,39.0,41,29,249,177,45,33,5,4,1
0.0196078431372549,0.8717804147649808,12,56.0,58,46,351,279,62,50,6,4,1
1.0,1.0000000000000002,0,45.0,41,41,249,249,45,45,7,7,1
0.0,0.032161066988398795,28,19.0,1,29,10,177,5,33,1,4,0
0.0,0.43242502831730206,23,33.5,41,18,249,111,45,22,5,4,0
1.0,1.0000000000000002,0,62.0,58,58,351,351,62,62,6,6,1
1.0,1.0,0,28.0,24,24,147,147,28,28,2,2,1
0.0,0.4016745625382205,23,18.5,3,26,21,159,7,30,1,3,0
0.05454545454545454,0.8439690771201024,0,62.0,58,58,351,351,62,62,6,6,1
0.022222222222222223,0.8687824762787231,24,50.0,58,34,351,207,62,38,6,4,1
1.0,1.0,0,22.0,18,18,111,111,22,22,4,4,1
0.0,0.5672875592930964,14,21.0,10,24,63,147,14,28,2,2,0
0.0,0.796507240906657,12,39.0,41,29,249,177,45,33,5,4,0
1.0,1.0,0,33.0,29,29,177,177,33,33,4,4,1
0.1891891891891892,0.9707929267070913,4,26.0,24,20,147,123,28,24,2,1,1
0.0,0.2551251725400458,11,27.5,29,18,177,111,33,22,4,4,0
1.0,1.0,0,28.0,24,24,147,147,28,28,2,2,1
1.0,1.0,0,22.0,18,18,111,111,22,22,4,4,1
1.0,1.0,0,22.0,18,18,111,111,22,22,4,4,1
1.0,1.0000000000000002,0,45.0,41,41,249,249,45,45,7,7,1
0.0,0.4826061425906211,17,36.5,41,24,249,147,45,28,7,2,0
0.0,0.8653607330180538,17,53.5,58,41,351,249,62,45,6,7,0
1.0,1.0,0,22.0,18,18,111,111,22,22,4,4,1
0.0,0.7937278038769522,17,53.5,58,41,351,249,62,45,6,5,0
1.0,1.0000000000000002,0,45.0,41,41,249,249,45,45,5,5,1
1.0,1.0,0,28.0,24,24,147,147,28,28,2,2,1
0.0,0.44866352839824697,6,25.0,18,24,111,147,22,28,4,2,0
0.0,0.7050193098712491,29,47.5,29,58,177,351,33,62,4,6,0
1.0,1.0000000000000002,0,45.0,41,41,249,249,45,45,5,5,1
1.0,1.0000000000000002,0,62.0,58,58,351,351,62,62,6,6,1
0.0,0.725146875548549,17,53.5,58,41,351,249,62,45,6,5,0
0.0,0.5397022169752951,10,12.0,3,13,21,81,7,17,1,2,0
0.0,0.2538935062536867,11,27.5,18,29,111,177,22,33,4,4,0
0.047619047619047616,0.4903707320303039,38,26.0,41,3,249,21,45,7,7,1,1
0.0,0.9008950166947617,9,23.5,24,15,147,93,28,19,2,1,1
0.0,0.8830869873501865,0,45.0,41,41,249,249,45,45,5,5,1
1.0,1.0000000000000002,0,45.0,41,41,249,249,45,45,7,7,1
1.0,1.0,0,22.0,18,18,111,111,22,22,4,4,1
0.0,0.7451430579952162,24,33.0,17,41,105,249,21,45,2,7,0
0.0,0.6879990331685868,22,22.0,29,7,177,45,33,11,4,2,1
1.0,1.0000000000000002,0,45.0,41,41,249,249,45,45,7,7,1
0.0,0.8450943131502068,17,53.5,41,58,249,351,45,62,7,6,0
1.0,1.0000000000000002,0,45.0,41,41,249,249,45,45,7,7,1
1.0,1.0000000000000002,0,62.0,58,58,351,351,62,62,6,6,1
1.0,1.0000000000000002,0,45.0,41,41,249,249,45,45,5,5,1
1.0,1.0000000000000002,0,62.0,58,58,351,351,62,62,6,6,1
1.0,1.0000000000000002,0,45.0,41,41,249,249,45,45,7,7,1
0.0,0.18953826437255233,40,25.0,41,1,249,10,45,5,5,1,1
1.0,1.0,0,28.0,24,24,147,147,28,28,2,2,1
1.0,1.0,0,33.0,29,29,177,177,33,33,4,4,1
0.0,0.6283870409652172,17,53.5,41,58,249,351,45,62,7,6,0
1.0,1.0000000000000002,0,62.0,58,58,351,351,62,62,6,6,1
1.0,1.0000000000000002,0,45.0,41,41,249,249,45,45,7,7,1
0.0,0.22751212236858434,40,42.0,18,58,111,351,22,62,4,6,0
0.0,0.34848371253316923,23,33.5,18,41,111,249,22,45,4,7,0
1.0,1.0000000000000002,0,45.0,41,41,249,249,45,45,7,7,1
0.0,0.4971306841682287,17,36.5,24,41,147,249,28,45,2,7,0
1.0,1.0,0,22.0,18,18,111,111,22,22,4,4,1
0.0,0.38799577445506633,53,43.5,13,66,81,399,17,70,2,7,0
0.017543859649122806,0.8803490456039239,0,62.0,58,58,351,351,62,62,6,6,1
0.0,0.47295234890845084,5,19.5,13,18,81,111,17,22,2,4,0
1.0,1.0000000000000002,0,45.0,41,41,249,249,45,45,5,5,1
1.0,1.0000000000000002,0,62.0,58,58,351,351,62,62,6,6,1
1.0,1.0,0,22.0,18,18,111,111,22,22,4,4,1
0.14285714285714285,0.773184459381099,16,20.0,24,8,147,51,28,12,2,1,1
1.0,1.0000000000000002,0,45.0,41,41,249,249,45,45,5,5,1
0.017543859649122806,0.8212436071574691,0,62.0,58,58,351,351,62,62,6,6,1
1.0,1.0,0,33.0,29,29,177,177,33,33,4,4,1
0.0,0.34804198194864877,23,33.5,18,41,111,249,22,45,4,5,0
0.0,0.43242502831730206,23,33.5,18,41,111,249,22,45,4,5,0
1.0,1.0,0,22.0,18,18,111,111,22,22,4,4,1
0.017543859649122806,0.8212436071574691,0,62.0,58,58,351,351,62,62,6,6,1
0.0,0.5177598941166766,17,24.5,29,12,177,75,33,16,4,1,0
1.0,1.0,0,28.0,24,24,147,147,28,28,2,2,1
0.0,0.3485233528628599,55,34.5,3,58,21,351,7,62,1,6,0
0.0,0.5970555217790234,5,30.5,24,29,147,177,28,33,2,4,0
0.0,0.824619855856118,12,39.0,41,29,249,177,45,33,5,4,0
0.0,0.39615015731790737,22,22.0,7,29,45,177,11,33,1,4,0
1.0,1.0,0,22.0,18,18,111,111,22,22,4,4,1
1.0,1.0000000000000002,0,45.0,41,41,249,249,45,45,7,7,1
0.05555555555555555,0.6267088341657681,20,23.0,29,9,177,57,33,13,4,1,1
0.0,0.5052757436535622,34,45.0,24,58,147,351,28,62,2,6,0
0.10344827586206896,0.8664217777966668,16,20.0,24,8,147,51,28,12,2,1,1
0.0,0.8315126468379521,0,45.0,41,41,249,249,45,45,5,5,1
0.0,0.986320095217772,0,33.0,29,29,177,177,33,33,4,4,1
0.0,0.8707391034646201,12,22.0,24,12,147,75,28,16,2,2,1
1.0,1.0,0,22.0,18,18,111,111,22,22,4,4,1
0.0,0.6928608129760587,15,14.5,3,18,21,111,7,22,1,4,0
0.0,0.8524329417953219,28,31.0,13,41,81,249,17,45,2,7,0
0.0,0.021122278716658532,57,33.5,58,1,351,10,62,5,6,1,0
0.0,0.36696605559902135,23,33.5,41,18,249,111,45,22,7,4,0
0.0,0.7570701740505693,41,41.5,57,17,351,105,62,21,6,3,0
0.012345679012345678,0.8253962738270559,0,45.0,41,41,249,249,45,45,5,5,1
1.0,1.0000000000000002,0,62.0,58,58,351,351,62,62,6,6,1
1.0,1.0000000000000002,0,62.0,58,58,351,351,62,62,6,6,1
1.0,1.0000000000000002,0,45.0,41,41,249,249,45,45,5,5,1
0.0,0.7937278038769522,17,53.5,58,41,351,249,62,45,6,5,0
0.0,0.3484837125331693,23,33.5,41,18,249,111,45,22,7,4,0
0.0,0.43242502831730206,23,33.5,41,18,249,111,45,22,5,4,0
1.0,1.0,0,22.0,18,18,111,111,22,22,4,4,1
0.0,0.986320095217772,0,33.0,29,29,177,177,33,33,4,4,1
0.0,0.22709077644259612,40,42.0,58,18,351,111,62,22,6,4,0
0.0,0.44866352839824697,6,25.0,24,18,147,111,28,22,2,4,0
1.0,1.0000000000000002,0,45.0,41,41,249,249,45,45,5,5,1
1.0,1.0000000000000002,0,62.0,58,58,351,351,62,62,6,6,1
0.0,0.9045528032750105,0,45.0,41,41,249,249,45,45,5,5,1
1.0,1.0000000000000002,0,62.0,58,58,351,351,62,62,6,6,1
0.0,0.6731993014543277,17,13.5,18,1,111,10,22,5,4,1,0
0.0,0.6920832508193548,20,35.0,41,21,249,129,45,25,5,3,1
0.0,0.3484837125331693,23,33.5,41,18,249,111,45,22,7,4,0
0.0,0.481229388973216,40,25.0,41,1,249,10,45,5,7,1,0
0.0,0.5603297874780784,49,37.5,9,58,57,351,13,62,2,6,0
0.0,0.6283870409652172,17,53.5,41,58,249,351,45,62,7,6,0
0.0,0.5365590946623766,23,16.5,24,1,147,10,28,5,2,1,1
0.08333333333333333,0.8937264922670715,9,23.5,24,15,147,93,28,19,2,2,1
0.0,0.6187520366073702,29,30.5,41,12,249,75,45,16,5,3,1
1.0,1.0,0,28.0,24,24,147,147,28,28,2,2,1
0.0,0.44866352839824697,6,25.0,24,18,147,111,28,22,2,4,0
0.0425531914893617,0.6476699987260881,33,28.5,41,8,249,51,45,12,7,1,1
0.0,0.8829488017070835,29,47.5,29,58,177,351,33,62,4,6,0
0.3898305084745763,0.9015777797787092,0,45.0,41,41,249,249,45,45,5,5,1
0.5185185185185185,0.9970784315731038,0,45.0,41,41,249,249,45,45,7,7,1
0.04477611940298507,0.8063656660937589,12,39.0,41,29,249,177,45,33,5,4,1
0.0,0.41852653300139553,28,19.0,29,1,177,10,33,5,4,1,1
0.014492753623188406,0.6328652153324267,12,39.0,41,29,249,177,45,33,5,4,0
0.0,0.6283870409652172,17,53.5,41,58,249,351,45,62,7,6,0
0.075,0.9093682790461908,15,25.5,29,14,177,87,33,18,4,3,1
1.0,1.0,0,28.0,24,24,147,147,28,28,2,2,1
0.0,0.5516689208973465,32,29.0,41,9,249,57,45,13,5,1,0
0.0,0.5668919440992144,29,30.5,41,12,249,75,45,16,7,1,0
0.0,0.5814007574332647,10,12.0,13,3,81,21,17,7,2,1,0
1.0,1.0,0,28.0,24,24,147,147,28,28,2,2,1
0.4642857142857143,0.9999793559769046,0,45.0,41,41,249,249,45,45,7,7,1
1.0,1.0,0,28.0,24,24,147,147,28,28,2,2,1
0.0,0.8250208241230523,12,39.0,29,41,177,249,33,45,4,7,0
0.08823529411764706,0.8528710415531185,11,22.5,24,13,147,81,28,17,2,2,1
0.0,0.453827270168751,37,26.5,41,4,249,27,45,8,5,2,1
0.0,0.9431631272124641,0,33.0,29,29,177,177,33,33,4,4,1
1.0,1.0000000000000002,0,45.0,41,41,249,249,45,45,7,7,1
0.0,0.432120792541612,25,57.5,41,66,249,399,45,70,7,7,1
0.0,0.5052757436535622,34,45.0,58,24,351,147,62,28,6,2,0
1.0,1.0000000000000002,0,45.0,41,41,249,249,45,45,7,7,1
0.0,0.3699116945310246,23,33.5,18,41,111,249,22,45,4,7,0
0.017699115044247787,0.8859722559179777,0,62.0,58,57,351,351,62,62,6,6,1
0.0,0.7273024837889994,0,45.0,41,41,249,249,45,45,5,5,1
0.07142857142857142,0.978769714263567,3,26.5,24,21,147,129,28,25,2,2,1
0.0,0.4203765361751415,24,21.0,29,5,177,33,33,9,4,1,0
0.0,0.8486694949737237,18,24.0,29,11,177,69,33,15,4,2,1
0.0,0.7823456315385936,24,21.0,29,5,177,33,33,9,4,2,1
0.0,0.9014903400341129,7,29.5,29,22,177,135,33,26,4,3,1
1.0,1.0,0,33.0,29,29,177,177,33,33,4,4,1
1.0,1.0,0,22.0,18,18,111,111,22,22,4,4,1
1.0,1.0,0,22.0,18,18,111,111,22,22,4,4,1
1.0,1.0,0,22.0,18,18,111,111,22,22,4,4,1
0.03389830508474576,0.32182314540451346,55,34.5,58,3,351,21,62,7,6,1,1
1.0,1.0000000000000002,0,45.0,41,41,249,249,45,45,7,7,1
0.0,0.9218739082346623,0,33.0,29,29,177,177,33,33,4,4,1
1.0,1.0000000000000002,0,45.0,41,41,249,249,45,45,7,7,1
0.0,0.5241368660464333,2,17.0,12,14,75,87,16,18,1,1,0
0.6111111111111112,0.999830710802794,0,62.0,58,58,351,351,62,62,6,6,1
0.0,0.43242502831730206,23,33.5,18,41,111,249,22,45,4,5,0
0.0,0.46763789506910297,1,21.5,18,17,111,105,22,21,4,2,0
0.0,0.9780153550519823,5,25.5,24,19,147,117,28,23,2,2,1
0.0,0.6731993014543277,17,13.5,18,1,111,10,22,5,4,1,0
0.0,0.550878132794277,27,31.5,41,14,249,87,45,18,7,1,0
0.0,0.5561956873404768,14,21.0,10,24,63,147,14,28,1,2,0
0.0,0.6398181037494021,31,29.5,41,10,249,63,45,14,5,1,0
0.025,0.9357793462388398,0,45.0,41,41,249,249,45,45,7,7,1
0.07407407407407407,0.8230019711308705,24,33.0,41,17,249,105,45,21,5,3,1
0.0,0.9302968759598156,3,26.5,24,21,147,129,28,25,2,2,1
1.0,1.0000000000000002,0,45.0,41,41,249,249,45,45,7,7,1
1.0,1.0000000000000002,0,45.0,41,41,249,249,45,45,5,5,1
0.0,0.21069804640267334,2,21.0,18,16,111,99,22,20,4,3,0
0.0,0.6764068809178747,21,17.5,24,3,147,21,28,7,2,1,1
0.0,0.7943486318168529,0,45.0,41,41,249,249,45,45,7,5,0
1.0,1.0,0,22.0,18,18,111,111,22,22,4,4,1
1.0,1.0000000000000002,0,45.0,41,41,249,249,45,45,5,5,1
0.0,0.44171747641321923,17,36.5,24,41,147,249,28,45,2,5,0
0.0,0.4971306841682287,17,36.5,24,41,147,249,28,45,2,7,0
1.0,1.0000000000000002,0,62.0,58,58,351,351,62,62,6,6,1
0.22033898305084745,0.6600145736226114,44,40.0,58,14,351,87,62,18,6,2,1
0.3898305084745763,0.9015777797787092,0,45.0,41,41,249,249,45,45,5,5,1
0.0,0.8486694949737237,18,24.0,29,11,177,69,33,15,4,2,1
1.0,1.0000000000000002,0,45.0,41,41,249,249,45,45,7,7,1
0.05454545454545454,0.8457574411372725,0,62.0,58,58,351,351,62,62,6,6,1
0.0,0.6967212660166109,12,39.0,41,29,249,177,45,33,5,4,0
0.0,0.991066662654878,0,33.0,29,29,177,177,33,33,4,4,1
0.0,0.9410073177355625,0,33.0,29,29,177,177,33,33,4,4,1
1.0,1.0,0,28.0,24,24,147,147,28,28,2,2,1
0.047619047619047616,0.4903707320303039,38,26.0,41,3,249,21,45,7,7,1,1
1.0,1.0000000000000002,0,45.0,41,41,249,249,45,45,7,7,1
1.0,1.0000000000000002,0,45.0,41,41,249,249,45,45,7,7,1
0.07894736842105263,0.9085880628051769,0,45.0,41,41,249,249,45,45,7,7,1
0.0,0.39253408004166646,6,19.0,12,18,75,111,16,22,1,4,0
0.0,0.18953826437255233,40,25.0,41,1,249,10,45,5,5,1,1
1.0,1.0,0,28.0,24,24,147,147,28,28,2,2,1
0.0,0.5001725937597442,37,26.5,41,4,249,27,45,8,5,2,1
0.0379746835443038,0.9407965600938941,0,45.0,41,41,249,249,45,45,7,7,1
0.0,0.8299994304706936,0,45.0,41,41,249,249,45,45,5,5,1
0.0,0.47878395294625387,41,41.5,17,58,105,351,21,62,2,6,0
1.0,1.0,0,33.0,29,29,177,177,33,33,4,4,1
0.11538461538461539,0.7611584846040838,19,18.5,24,5,147,33,28,9,2,1,1
0.41379310344827586,0.9970784315731038,0,45.0,41,41,249,249,45,45,7,7,1
0.64,0.9999045012497669,0,45.0,41,41,249,249,45,45,7,7,1
1.0,1.0,0,22.0,18,18,111,111,22,22,4,4,1
0.0,0.4971306841682287,17,36.5,24,41,147,249,28,45,2,7,0
1.0,1.0,0,33.0,29,29,177,177,33,33,4,4,1
1.0,1.0000000000000002,0,45.0,41,41,249,249,45,45,5,5,1
0.0,0.4243874364793312,40,25.0,41,1,249,10,45,5,5,1,0
1.0,1.0,0,22.0,18,18,111,111,22,22,4,4,1
0.0,0.8954686963127262,0,45.0,41,41,249,249,45,45,5,5,1
1.0,1.0000000000000002,0,45.0,41,41,249,249,45,45,7,7,1
0.0,0.7422325790675588,29,30.5,12,41,75,249,16,45,2,5,0
0.0,0.18953826437255233,40,25.0,41,1,249,10,45,5,5,1,1
1.0,1.0000000000000002,0,45.0,41,41,249,249,45,45,5,5,1
0.3898305084745763,0.9015777797787092,0,45.0,41,41,249,249,45,45,5,5,1
1.0,1.0,0,28.0,24,24,147,147,28,28,2,2,1
0.0425531914893617,0.6476699987260881,33,28.5,41,8,249,51,45,12,7,1,1
0.0,0.8227221773497515,12,39.0,29,41,177,249,33,45,4,7,0
1.0,1.0,0,33.0,29,29,177,177,33,33,4,4,1
1.0,1.0,0,22.0,18,18,111,111,22,22,4,4,1
0.13725490196078433,0.9962116128854459,0,33.0,29,29,177,177,33,33,4,4,1
1.0,1.0000000000000002,0,45.0,41,41,249,249,45,45,5,5,1
0.0,0.854577411739677,29,47.5,29,58,177,351,33,62,4,6,0
0.0,0.22709077644259612,40,42.0,58,18,351,111,62,22,6,4,0
0.017543859649122806,0.8459968736386693,0,62.0,58,58,351,351,62,62,6,6,1
0.0,0.8847682070330114,13,21.5,24,11,147,69,28,15,2,1,1
1.0,1.0000000000000002,0,45.0,41,41,249,249,45,45,7,7,1
1.0,1.0000000000000002,0,45.0,41,41,249,249,45,45,5,5,1
0.3898305084745763,0.9015777797787092,0,45.0,41,41,249,249,45,45,5,5,1
0.02127659574468085,0.8971122942724492,0,28.0,24,24,147,147,28,28,2,2,1
0.0,0.06324158743596323,40,25.0,1,41,10,249,5,45,1,7,0
0.10344827586206896,0.831047420854786,16,20.0,24,8,147,51,28,12,2,1,1
0.11320754716981132,0.9420894763360608,23,33.5,41,18,249,111,45,22,7,4,1
0.0,0.8250208241230523,12,39.0,41,29,249,177,45,33,7,4,0
0.047619047619047616,0.4903707320303039,38,26.0,41,3,249,21,45,7,7,1,1
1.0,1.0,0,28.0,24,24,147,147,28,28,2,2,1
0.017699115044247787,0.8901496276451684,0,62.0,58,57,351,351,62,62,6,6,1
0.0,0.6237349480612645,0,45.0,41,41,249,249,45,45,7,5,0
1.0,1.0,0,33.0,29,29,177,177,33,33,4,4,1
1.0,1.0,0,28.0,24,24,147,147,28,28,2,2,1
1.0,1.0,0,22.0,18,18,111,111,22,22,4,4,1
0.0425531914893617,0.6476699987260881,33,28.5,41,8,249,51,45,12,7,1,1
0.058823529411764705,0.5817324661163655,28,31.0,41,13,249,81,45,17,5,2,1
0.07894736842105263,0.8862713484019897,17,24.5,29,12,177,75,33,16,4,2,1
0.0,0.5054283740832392,17,36.5,41,24,249,147,45,28,5,2,0
0.0,0.9835842496865463,0,33.0,29,29,177,177,33,33,4,4,1
0.03076923076923077,0.5178461376494524,49,37.5,58,9,351,57,62,13,6,2,1
0.0,0.22709077644259612,40,42.0,58,18,351,111,62,22,6,4,0
1.0,1.0,0,33.0,29,29,177,177,33,33,4,4,1
1.0,1.0,0,22.0,18,18,111,111,22,22,4,4,1
0.03389830508474576,0.32182314540451346,55,34.5,58,3,351,21,62,7,6,1,1
0.0,0.6187520366073702,29,30.5,41,12,249,75,45,16,5,3,1
0.0,0.2700122670541955,11,27.5,18,29,111,177,22,33,4,4,0
0.0,0.2550806698179472,40,25.0,41,1,249,10,45,5,5,1,0
1.0,1.0000000000000002,0,45.0,41,41,249,249,45,45,7,7,1
1.0,1.0,0,22.0,18,18,111,111,22,22,4,4,1
0.6078431372549019,0.999761919466348,0,45.0,41,41,249,249,45,45,7,7,1
1.0,1.0000000000000002,0,45.0,41,41,249,249,45,45,7,7,1
1.0,1.0,0,22.0,18,18,111,111,22,22,4,4,1
1.0,1.0,0,28.0,24,24,147,147,28,28,2,2,1
0.0,0.8317039358241792,0,45.0,41,41,249,249,45,45,5,5,1
1.0,1.0,0,28.0,24,24,147,147,28,28,2,2,1
0.0,0.9667841195868202,0,33.0,29,29,177,177,33,33,4,4,1
1.0,1.0000000000000002,0,45.0,41,41,249,249,45,45,7,7,1
0.0,0.2411042055814748,11,27.5,18,29,111,177,22,33,4,4,0
0.0,0.4971306841682287,17,36.5,24,41,147,249,28,45,2,7,0
0.05128205128205128,0.8811765687337714,0,45.0,41,41,249,249,45,45,5,5,1
0.0,0.2538935062536867,11,27.5,29,18,177,111,33,22,4,4,0
0.0,0.7426442554411846,0,45.0,41,41,249,249,45,45,7,5,0
0.3898305084745763,0.9015777797787092,0,45.0,41,41,249,249,45,45,5,5,1
1.0,1.0000000000000002,0,45.0,41,41,249,249,45,45,7,7,1
1.0,1.0,0,22.0,18,18,111,111,22,22,4,4,1
0.0,0.7047510977711836,33,45.5,58,25,351,153,62,29,6,3,0
1.0,1.0000000000000002,0,62.0,58,58,351,351,62,62,6,6,1
1.0,1.0,0,33.0,29,29,177,177,33,33,4,4,1
1.0,1.0000000000000002,0,45.0,41,41,249,249,45,45,7,7,1
0.0,0.8051719727602895,10,40.0,31,41,189,249,35,45,3,7,0
0.07894736842105263,0.7265015044001709,34,45.0,58,24,351,147,62,28,6,3,1
0.04081632653061224,0.5991464404540059,31,29.5,41,10,249,63,45,14,7,2,1
0.017543859649122806,0.8774901773776834,0,62.0,58,58,351,351,62,62,6,6,1
1.0,1.0000000000000002,0,62.0,58,58,351,351,62,62,6,6,1
0.0,0.2538935062536867,11,27.5,29,18,177,111,33,22,4,4,0
0.0,0.5271454690042516,26,20.0,29,3,177,21,33,7,4,1,1
1.0,1.0000000000000002,0,62.0,58,58,351,351,62,62,6,6,1
0.0,0.9670760027005094,0,33.0,29,29,177,177,33,33,4,4,1
0.0,0.7426442554411844,0,45.0,41,41,249,249,45,45,5,7,0
1.0,1.0,0,22.0,18,18,111,111,22,22,4,4,1
1.0,1.0000000000000002,0,45.0,41,41,249,249,45,45,7,7,1
1.0,1.0000000000000002,0,45.0,41,41,249,249,45,45,7,7,1
0.11538461538461539,0.9865911988493931,0,33.0,29,29,177,177,33,33,4,4,1
0.0,0.032161066988398795,28,19.0,1,29,10,177,5,33,1,4,0
0.0,0.5052757436535622,34,45.0,58,24,351,147,62,28,6,2,0
0.0,0.7937278038769521,17,53.5,41,58,249,351,45,62,5,6,0
0.0,0.49201605419138494,10,17.0,18,8,111,51,22,12,4,1,0
0.0,0.7955456720309435,20,18.0,24,4,147,27,28,8,2,1,1
0.07142857142857142,0.9204335625413748,13,26.5,29,16,177,99,33,20,4,3,1
1.0,1.0,0,33.0,29,29,177,177,33,33,4,4,1
1.0,1.0000000000000002,0,62.0,58,58,351,351,62,62,6,6,1
0.0,0.7050193098712491,29,47.5,58,29,351,177,62,33,6,4,0
0.0,0.5527243352986199,10,17.0,8,18,51,111,12,22,1,4,0
0.0,0.5680721458137883,10,17.0,18,8,111,51,22,12,4,2,0
0.0,0.5723212415546982,5,30.5,24,29,147,177,28,33,2,4,0
1.0,1.0,0,28.0,24,24,147,147,28,28,2,2,1
1.0,1.0,0,33.0,29,29,177,177,33,33,4,4,1
1.0,1.0000000000000002,0,45.0,41,41,249,249,45,45,5,5,1
0.0,0.6005235429083413,7,18.5,11,18,69,111,15,22,2,2,0
0.0,0.22709077644259607,40,42.0,18,58,111,351,22,62,4,6,0
0.0,0.5721003433153924,17,36.5,41,24,249,147,45,28,5,2,0
0.0,0.6951312336454404,12,39.0,29,41,177,249,33,45,4,5,0
1.0,1.0,0,33.0,29,29,177,177,33,33,4,4,1
0.0,0.43242502831730206,23,33.5,41,18,249,111,45,22,5,4,0
0.0,0.7426442554411846,0,45.0,41,41,249,249,45,45,7,5,0
1.0,1.0,0,33.0,29,29,177,177,33,33,4,4,1
0.0,0.7937278038769521,17,53.5,41,58,249,351,45,62,5,6,0
1.0,1.0,0,22.0,18,18,111,111,22,22,4,4,1
0.04411764705882353,0.6028835944498777,45,39.5,58,13,351,81,62,17,6,2,1
0.0,0.4971306841682287,17,36.5,24,41,147,249,28,45,2,7,0
0.0,0.22648597345227114,40,42.0,18,58,111,351,22,62,4,6,0
1.0,1.0,0,22.0,18,18,111,111,22,22,4,4,1
0.0,0.8250208241230523,12,39.0,29,41,177,249,33,45,4,7,0
1.0,1.0000000000000002,0,62.0,58,58,351,351,62,62,6,6,1
0.0379746835443038,0.8177027153255298,0,45.0,41,41,249,249,45,45,5,5,1
1.0,1.0,0,22.0,18,18,111,111,22,22,4,4,1
1.0,1.0,0,28.0,24,24,147,147,28,28,2,2,1
0.0,0.4605193213945797,36,27.0,41,5,249,33,45,9,5,1,1
1.0,1.0,0,28.0,24,24,147,147,28,28,2,2,1
0.0,0.8573914253620849,6,36.0,35,29,213,177,39,33,3,4,0
1.0,1.0,0,22.0,18,18,111,111,22,22,4,4,1
0.0,0.18953826437255233,40,25.0,41,1,249,10,45,5,5,1,1
0.0,0.7937278038769522,17,53.5,58,41,351,249,62,45,6,5,0
1.0,1.0000000000000002,0,45.0,41,41,249,249,45,45,5,5,1
0.0,0.44866352839824697,6,25.0,24,18,147,111,28,22,2,4,0
0.0,0.18953826437255233,40,25.0,41,1,249,10,45,5,5,1,1
0.0,0.5679318095106977,17,36.5,24,41,147,249,28,45,2,7,0
1.0,1.0,0,22.0,18,18,111,111,22,22,4,4,1
0.0,0.8360715730038032,0,45.0,41,41,249,249,45,45,5,5,1
1.0,1.0,0,22.0,18,18,111,111,22,22,4,4,1
0.0,0.43242502831730206,23,33.5,18,41,111,249,22,45,4,5,0
0.0,0.5365590946623766,23,16.5,24,1,147,10,28,5,2,1,1
0.07894736842105263,0.9064677832650888,0,45.0,41,41,249,249,45,45,7,7,1
0.017543859649122806,0.8471911980786526,0,62.0,58,58,351,351,62,62,6,6,1
0.0,0.8540004313358152,29,47.5,29,58,177,351,33,62,4,6,0
0.0,0.8512265218686971,12,39.0,29,41,177,249,33,45,4,5,0
0.0,0.9270818241758091,0,33.0,29,29,177,177,33,33,4,4,1
0.025,0.8447051444863554,34,45.0,58,24,351,147,62,28,6,3,1
0.0,0.612148999615082,17,53.5,58,41,351,249,62,45,6,5,0
0.0,0.6843677936771142,19,35.5,41,22,249,135,45,26,5,4,0
0.0,0.7426442554411846,0,45.0,41,41,249,249,45,45,7,5,0
0.012345679012345678,0.8757893281174978,0,45.0,41,41,249,249,45,45,5,5,1
0.07792207792207792,0.7474749949174474,33,45.5,58,25,351,153,62,29,6,3,1
0.09433962264150944,0.9420398961016339,0,33.0,29,29,177,177,33,33,4,4,1
1.0,1.0000000000000002,0,45.0,41,41,249,249,45,45,7,7,1
0.0,0.8119396863047127,0,45.0,41,41,249,249,45,45,5,5,1
0.0,0.8727199956368449,0,45.0,41,41,249,249,45,45,5,5,1
0.0,0.44993284740754425,23,33.5,41,18,249,111,45,22,5,4,0
1.0,1.0,0,22.0,18,18,111,111,22,22,4,4,1
0.0,0.3393865519570892,14,14.0,3,17,21,105,7,21,1,2,0
1.0,1.0,0,33.0,29,29,177,177,33,33,4,4,1
0.0425531914893617,0.6476699987260881,33,28.5,41,8,249,51,45,12,7,1,1
0.0,0.7262627502256545,0,45.0,41,41,249,249,45,45,7,5,0
1.0,1.0000000000000002,0,62.0,58,58,351,351,62,62,6,6,1
0.0,0.5970555217790234,5,30.5,24,29,147,177,28,33,2,4,0
1.0,1.0000000000000002,0,45.0,41,41,249,249,45,45,5,5,1
0.0,0.6283870409652172,17,53.5,58,41,351,249,62,45,6,7,0
0.0,0.32421783717076685,51,36.5,58,7,351,45,62,11,6,1,0
0.025,0.9043069794340735,0,45.0,41,41,249,249,45,45,7,7,1
0.0,0.22709077644259612,40,42.0,58,18,351,111,62,22,6,4,0
0.05454545454545454,0.8459968736386693,0,62.0,58,58,351,351,62,62,6,6,1
0.0,0.521125198326033,4,20.0,18,14,111,87,22,18,4,2,0
0.0,0.935100389080848,3,26.5,24,21,147,129,28,25,2,2,1
1.0,1.0000000000000002,0,45.0,41,41,249,249,45,45,7,7,1
0.0,0.4971306841682287,17,36.5,41,24,249,147,45,28,7,2,0
0.0625,0.5317980142695189,31,29.5,41,10,249,63,45,14,5,1,1
0.0,0.5722625908263241,7,31.5,31,24,189,147,35,28,3,2,0
0.0,0.8364853701909676,29,47.5,29,58,177,351,33,62,4,6,0
1.0,1.0,0,33.0,29,29,177,177,33,33,4,4,1
0.16,0.6665519290309629,19,18.5,24,5,147,33,28,9,2,1,1
1.0,1.0000000000000002,0,45.0,41,41,249,249,45,45,5,5,1
1.0,1.0,0,22.0,18,18,111,111,22,22,4,4,1
0.0,0.9420423580668364,0,33.0,29,29,177,177,33,33,4,4,1
1.0,1.0,0,28.0,24,24,147,147,28,28,2,2,1
0.0,0.24979431977315367,11,27.5,18,29,111,177,22,33,4,4,0
0.0,0.5090740945089135,34,45.0,24,58,147,351,28,62,2,6,0
0.0273972602739726,0.7260924995264948,41,41.5,58,17,351,105,62,21,6,2,1
1.0,1.0,0,28.0,24,24,147,147,28,28,2,2,1
0.0,0.6492404630580079,1,28.5,24,25,147,153,28,29,2,3,0
1.0,1.0000000000000002,0,45.0,41,41,249,249,45,45,5,5,1
0.0,0.7409927629185163,7,29.5,22,29,135,177,26,33,4,4,0
0.0,0.7050193098712491,29,47.5,58,29,351,177,62,33,6,4,0
0.0,0.5436331877873395,11,33.5,24,35,147,213,28,39,2,3,0
0.0,0.7681818898552187,19,35.5,41,22,249,135,45,26,5,2,1
0.0,0.18953826437255233,40,25.0,41,1,249,10,45,5,5,1,1
1.0,1.0000000000000002,0,62.0,58,58,351,351,62,62,6,6,1
1.0,1.0000000000000002,0,62.0,58,58,351,351,62,62,6,6,1
0.0,0.921213953067206,0,45.0,41,41,249,249,45,45,5,5,1
0.0,0.3484837125331693,23,33.5,41,18,249,111,45,22,7,4,0
0.0,0.3484837125331693,23,33.5,41,18,249,111,45,22,7,4,0
1.0,1.0,0,22.0,18,18,111,111,22,22,4,4,1
0.16666666666666666,0.9328277811755714,16,25.0,29,13,177,81,33,17,4,2,1
1.0,1.0000000000000002,0,62.0,58,58,351,351,62,62,6,6,1
1.0,1.0000000000000002,0,45.0,41,41,249,249,45,45,5,5,1
0.0379746835443038,0.8140529377838843,0,45.0,41,41,249,249,45,45,5,5,1
1.0,1.0,0,22.0,18,18,111,111,22,22,4,4,1
0.0,0.2663960421104897,11,27.5,29,18,177,111,33,22,4,4,0
0.0,0.9811525458629606,0,33.0,29,29,177,177,33,33,4,4,1
1.0,1.0,0,22.0,18,18,111,111,22,22,4,4,1
0.0,0.5787440201603821,14,32.0,21,35,129,213,25,39,2,3,0
0.0,0.5052757436535622,34,45.0,24,58,147,351,28,62,2,6,0
0.0,0.22579869505260447,54,35.0,57,4,351,27,62,8,6,1,0
0.0,0.8382364060474168,36,44.0,22,58,135,351,26,62,3,6,0
0.04,0.7069815815295305,30,30.0,41,11,249,69,45,15,7,3,1
0.0,0.4297685402269495,4,24.0,18,22,111,135,22,26,4,4,0
0.057692307692307696,0.5980481499543481,27,31.5,41,14,249,87,45,18,5,1,1
1.0,1.0000000000000002,0,62.0,58,58,351,351,62,62,6,6,1
0.0,0.8407874004364623,17,19.5,24,7,147,45,28,11,2,1,1
0.0625,0.5317980142695189,31,29.5,41,10,249,63,45,14,5,1,1
0.0,0.3484837125331693,23,33.5,41,18,249,111,45,22,7,4,0
1.0,1.0000000000000002,0,45.0,41,41,249,249,45,45,7,7,1
0.0,0.4934112051131365,38,26.0,3,41,21,249,7,45,1,7,0
0.017543859649122806,0.9828442946263326,0,33.0,29,29,177,177,33,33,4,4,1
0.03571428571428571,0.9458557650494314,0,33.0,29,29,177,177,33,33,4,4,1
0.05454545454545454,0.8439690771201024,0,62.0,58,58,351,351,62,62,6,6,1
1.0,1.0,0,22.0,18,18,111,111,22,22,4,4,1
0.0,0.5197010531003196,28,31.0,41,13,249,81,45,17,7,2,0
0.0,0.6187520366073702,29,30.5,41,12,249,75,45,16,5,3,1
0.0,0.6337442898951497,27,31.5,14,41,87,249,18,45,1,7,0
1.0,1.0000000000000002,0,45.0,41,41,249,249,45,45,7,7,1
1.0,1.0,0,22.0,18,18,111,111,22,22,4,4,1
1.0,1.0,0,28.0,24,24,147,147,28,28,2,2,1
1.0,1.0,0,33.0,29,29,177,177,33,33,4,4,1
0.041666666666666664,0.6851452032196064,32,29.0,41,9,249,57,45,13,7,2,1
0.09375,0.9239882409563387,12,39.0,41,29,249,177,45,33,7,5,1
0.0,0.32083469720074076,49,37.5,9,58,57,351,13,62,2,6,0
1.0,1.0000000000000002,0,45.0,41,41,249,249,45,45,7,7,1
1.0,1.0,0,22.0,18,18,111,111,22,22,4,4,1
1.0,1.0,0,33.0,29,29,177,177,33,33,4,4,1
1.0,1.0,0,22.0,18,18,111,111,22,22,4,4,1
0.0,0.44866352839824697,6,25.0,18,24,111,147,22,28,4,2,0
0.0,0.7050193098712491,29,47.5,58,29,351,177,62,33,6,4,0
0.2,0.6025996999391845,22,22.0,29,7,177,45,33,11,4,1,1
0.0,0.10334365519322315,23,16.5,1,24,10,147,5,28,1,2,0
1.0,1.0,0,22.0,18,18,111,111,22,22,4,4,1
0.02857142857142857,0.6752269655593752,44,40.0,58,14,351,87,62,18,6,1,1
0.0,0.37027369954548345,38,26.0,41,3,249,21,45,7,5,1,0
0.0,0.8859935478102865,0,45.0,41,41,249,249,45,45,5,5,1
0.0,0.5214964982197918,34,28.0,41,7,249,45,45,11,7,1,0
0.0,0.8430514884615584,0,45.0,41,41,249,249,45,45,5,5,1
0.3898305084745763,0.9015777797787092,0,45.0,41,41,249,249,45,45,5,5,1
1.0,1.0000000000000002,0,45.0,41,41,249,249,45,45,7,7,1
0.03076923076923077,0.5178461376494524,49,37.5,58,9,351,57,62,13,6,2,1
1.0,1.0,0,28.0,24,24,147,147,28,28,2,2,1
1.0,1.0,0,33.0,29,29,177,177,33,33,4,4,1
1.0,1.0,0,22.0,18,18,111,111,22,22,4,4,1
0.0,0.6662378682652306,29,47.5,29,58,177,351,33,62,4,6,0
0.0,0.24671655828345973,35,27.5,41,6,249,39,45,10,5,1,0
1.0,1.0,0,22.0,18,18,111,111,22,22,4,4,1
1.0,1.0000000000000002,0,62.0,58,58,351,351,62,62,6,6,1
0.025,0.9187781182303306,7,24.5,24,17,147,105,28,21,2,2,1
1.0,1.0000000000000002,0,62.0,58,58,351,351,62,62,6,6,1
1.0,1.0,0,22.0,18,18,111,111,22,22,4,4,1
0.017543859649122806,0.970050680890749,0,33.0,29,29,177,177,33,33,4,4,1
0.0,0.8880516856109941,17,19.5,24,7,147,45,28,11,2,1,1
1.0,1.0,0,22.0,18,18,111,111,22,22,4,4,1
1.0,1.0,0,22.0,18,18,111,111,22,22,4,4,1
0.0,0.9873311983816991,0,33.0,29,29,177,177,33,33,4,4,1
0.3404255319148936,0.8855946894098892,19,35.5,41,22,249,135,45,26,7,4,1
0.0,0.2538935062536867,11,27.5,29,18,177,111,33,22,4,4,0
0.0,0.44866352839824697,6,25.0,18,24,111,147,22,28,4,2,0
0.0,0.7795580231279094,17,53.5,58,41,351,249,62,45,6,5,0
1.0,1.0000000000000002,0,62.0,58,58,351,351,62,62,6,6,1
0.0,0.2538935062536867,11,27.5,29,18,177,111,33,22,4,4,0
0.0,0.8524329417953219,28,31.0,13,41,81,249,17,45,2,7,0
0.0,0.517490096929775,17,36.5,24,41,147,249,28,45,2,5,0
0.0,0.5365590946623766,23,16.5,24,1,147,10,28,5,2,1,1
1.0,1.0000000000000002,0,45.0,41,41,249,249,45,45,7,7,1
1.0,1.0,0,22.0,18,18,111,111,22,22,4,4,1
0.11538461538461539,0.9865911988493931,0,33.0,29,29,177,177,33,33,4,4,1
1.0,1.0000000000000002,0,45.0,41,41,249,249,45,45,5,5,1
0.20754716981132076,0.9380489644219296,18,36.0,41,23,249,141,45,27,7,5,1
0.0,0.22648597345227114,40,42.0,18,58,111,351,22,62,4,6,0
0.0,0.9765561800037376,0,33.0,29,29,177,177,33,33,4,4,1
0.0,0.34848371253316923,23,33.5,18,41,111,249,22,45,4,7,0
0.05454545454545454,0.9805032074744937,0,33.0,29,29,177,177,33,33,4,4,1
0.0,0.7050193098712491,29,47.5,58,29,351,177,62,33,6,4,0
0.0,0.9788117799471272,0,33.0,29,29,177,177,33,33,4,4,1
0.07894736842105263,0.9053744997621569,0,45.0,41,41,249,249,45,45,7,7,1
0.047619047619047616,0.4903707320303039,38,26.0,41,3,249,21,45,7,7,1,1
1.0,1.0000000000000002,0,45.0,41,41,249,249,45,45,5,5,1
1.0,1.0,0,28.0,24,24,147,147,28,28,2,2,1
0.020618556701030927,0.890877375900395,17,53.5,58,41,351,249,62,45,6,5,1
1.0,1.0,0,28.0,24,24,147,147,28,28,2,2,1
0.0,0.7449892728517746,18,36.0,23,41,141,249,27,45,5,5,0
0.0,0.8866783059317201,0,45.0,41,41,249,249,45,45,5,5,1
0.0,0.7525249601638985,17,53.5,41,58,249,351,45,62,5,6,0
0.0,0.8250208241230523,12,39.0,29,41,177,249,33,45,4,7,0
1.0,1.0000000000000002,0,45.0,41,41,249,249,45,45,7,7,1
0.0,0.7681818898552187,19,35.5,41,22,249,135,45,26,5,2,1
1.0,1.0,0,22.0,18,18,111,111,22,22,4,4,1
0.0,0.22915105651611137,40,42.0,57,18,351,111,62,22,6,4,0
0.0,0.43242502831730206,23,33.5,41,18,249,111,45,22,5,4,0
0.0,0.8559817192815122,29,47.5,58,29,351,177,62,33,6,4,0
1.0,1.0000000000000002,0,45.0,41,41,249,249,45,45,5,5,1
0.0,0.482223641470392,6,19.0,12,18,75,111,16,22,1,4,0
0.017699115044247787,0.8299353361157329,0,62.0,58,57,351,351,62,62,6,6,1
0.0,0.5970555217790234,5,30.5,24,29,147,177,28,33,2,4,0
1.0,1.0000000000000002,0,45.0,41,41,249,249,45,45,7,7,1
1.0,1.0000000000000002,0,45.0,41,41,249,249,45,45,7,7,1
0.0,0.5052757436535622,34,45.0,24,58,147,351,28,62,2,6,0
1.0,1.0,0,22.0,18,18,111,111,22,22,4,4,1
1.0,1.0000000000000002,0,45.0,41,41,249,249,45,45,7,7,1
1.0,1.0,0,22.0,18,18,111,111,22,22,4,4,1
0.0,0.6008798081518926,19,18.5,24,5,147,33,28,9,2,2,0
0.0,0.7937278038769521,17,53.5,41,58,249,351,45,62,5,6,0
1.0,1.0,0,33.0,29,29,177,177,33,33,4,4,1
1.0,1.0,0,22.0,18,18,111,111,22,22,4,4,1
1.0,1.0000000000000002,0,45.0,41,41,249,249,45,45,7,7,1
0.0,0.6769097858415627,14,26.0,15,29,93,177,19,33,3,4,0
0.0,0.6551702839310368,7,24.5,24,17,147,105,28,21,2,2,0
0.0,0.7426442554411844,0,45.0,41,41,249,249,45,45,5,7,0
0.03389830508474576,0.32182314540451346,55,34.5,58,3,351,21,62,7,6,1,1
1.0,1.0000000000000002,0,62.0,58,58,351,351,62,62,6,6,1
0.0,0.8450943131502068,17,53.5,41,58,249,351,45,62,7,6,0
0.017543859649122806,0.8600632566768784,0,62.0,58,58,351,351,62,62,6,6,1
0.0,0.34848371253316923,23,33.5,18,41,111,249,22,45,4,7,0
0.0,0.4741071349031224,13,26.5,29,16,177,99,33,20,4,3,0
0.0,0.5907636837772113,31,29.5,41,10,249,63,45,14,5,1,0
1.0,1.0000000000000002,0,45.0,41,41,249,249,45,45,7,7,1
1.0,1.0,0,22.0,18,18,111,111,22,22,4,4,1
0.0,0.6277854931535811,12,39.0,29,41,177,249,33,45,4,5,0
1.0,1.0,0,28.0,24,24,147,147,28,28,2,2,1
0.0,0.7050193098712491,29,47.5,58,29,351,177,62,33,6,4,0
1.0,1.0,0,22.0,18,18,111,111,22,22,4,4,1
0.0,0.8825516511207138,6,25.0,24,18,147,111,28,22,2,2,1
0.0,0.5365590946623766,23,16.5,24,1,147,10,28,5,2,1,1
0.03389830508474576,0.32182314540451346,55,34.5,58,3,351,21,62,7,6,1,1
0.1836734693877551,0.9810042820452103,0,33.0,29,29,177,177,33,33,4,4,1
1.0,1.0000000000000002,0,45.0,41,41,249,249,45,45,5,5,1
0.0,0.06324158743596323,40,25.0,41,1,249,10,45,5,7,1,0
0.0379746835443038,0.7687773457235115,0,45.0,41,41,249,249,45,45,5,5,1
0.0,0.9909558531577631,0,33.0,29,29,177,177,33,33,4,4,1
0.0,0.7955456720309435,20,18.0,24,4,147,27,28,8,2,1,1
0.0,0.6283870409652172,17,53.5,58,41,351,249,62,45,6,7,0
0.03389830508474576,0.32182314540451346,55,34.5,58,3,351,21,62,7,6,1,1
1.0,1.0000000000000002,0,45.0,41,41,249,249,45,45,7,7,1
0.0,0.5052757436535622,34,45.0,58,24,351,147,62,28,6,2,0
0.16,0.6665519290309629,19,18.5,24,5,147,33,28,9,2,1,1
0.0,0.25636033598297303,11,27.5,18,29,111,177,22,33,4,4,0
0.0,0.8250208241230523,12,39.0,29,41,177,249,33,45,4,7,0
0.0,0.49051338872297523,26,20.0,29,3,177,21,33,7,4,1,0
0.36666666666666664,0.7217846803011944,17,24.5,29,12,177,75,33,16,4,1,1
1.0,1.0,0,33.0,29,29,177,177,33,33,4,4,1
1.0,1.0,0,33.0,29,29,177,177,33,33,4,4,1
0.017543859649122806,0.8212436071574691,0,62.0,58,58,351,351,62,62,6,6,1
1.0,1.0,0,33.0,29,29,177,177,33,33,4,4,1
0.025,0.937712462710835,0,45.0,41,41,249,249,45,45,7,7,1
0.0,0.22709077644259612,40,42.0,58,18,351,111,62,22,6,4,0
0.0,0.2538935062536867,11,27.5,29,18,177,111,33,22,4,4,0
0.0,0.5052757436535622,34,45.0,24,58,147,351,28,62,2,6,0
0.0,0.5712198655382854,5,30.5,29,24,177,147,33,28,4,2,0
0.0,0.3041326209866569,17,13.5,1,18,10,111,5,22,1,4,0
1.0,1.0,0,28.0,24,24,147,147,28,28,2,2,1
1.0,1.0,0,22.0,18,18,111,111,22,22,4,4,1
0.0,0.8253977240205956,0,45.0,41,41,249,249,45,45,5,5,1
0.0,0.2538935062536867,11,27.5,29,18,177,111,33,22,4,4,0
0.0,0.6287977950262306,27,31.5,14,41,87,249,18,45,2,5,0
0.0,0.8357012409661994,12,39.0,41,29,249,177,45,33,7,4,0
0.0,0.5365590946623766,23,16.5,24,1,147,10,28,5,2,1,1
1.0,1.0000000000000002,0,45.0,41,41,249,249,45,45,5,5,1
0.0,0.4971306841682287,17,36.5,41,24,249,147,45,28,7,2,0
0.0,0.24985305514769388,11,27.5,18,29,111,177,22,33,4,4,0
0.0,0.2955554021127491,53,35.5,58,5,351,33,62,9,6,1,0
0.05454545454545454,0.8408722368546558,0,62.0,58,58,351,351,62,62,6,6,1
1.0,1.0,0,33.0,29,29,177,177,33,33,4,4,1
0.0,0.8927286033443617,12,22.0,24,12,147,75,28,16,2,1,1
1.0,1.0000000000000002,0,62.0,58,58,351,351,62,62,6,6,1
1.0,1.0000000000000002,0,62.0,58,58,351,351,62,62,6,6,1
1.0,1.0,0,22.0,18,18,111,111,22,22,4,4,1
0.0,0.4509815996766804,36,27.0,41,5,249,33,45,9,7,1,0
0.5185185185185185,0.9985236888186686,0,45.0,41,41,249,249,45,45,7,7,1
0.0,0.34848371253316923,23,33.5,18,41,111,249,22,45,4,7,0
1.0,1.0,0,28.0,24,24,147,147,28,28,2,2,1
0.4935064935064935,0.9998700208274456,0,62.0,58,57,351,351,62,62,6,6,1
0.0,0.22709077644259607,40,42.0,18,58,111,351,22,62,4,6,0
1.0,1.0,0,33.0,29,29,177,177,33,33,4,4,1
0.0,0.6283870409652172,17,53.5,41,58,249,351,45,62,7,6,0
0.0,0.5970555217790234,5,30.5,29,24,177,147,33,28,4,2,0
0.0,0.856774242143038,15,20.5,24,9,147,57,28,13,2,2,1
0.025,0.9085880628051769,0,45.0,41,41,249,249,45,45,7,7,1
1.0,1.0,0,22.0,18,18,111,111,22,22,4,4,1
1.0,1.0000000000000002,0,62.0,58,58,351,351,62,62,6,6,1
0.3333333333333333,0.9426297086261528,18,36.0,41,23,249,141,45,27,7,5,1
1.0,1.0000000000000002,0,62.0,58,58,351,351,62,62,6,6,1
0.045454545454545456,0.500590214194517,36,27.0,41,5,249,33,45,9,7,2,1
0.0,0.8309025300638243,15,20.5,24,9,147,57,28,13,2,1,1
0.031746031746031744,0.44140794765726765,51,36.5,58,7,351,45,62,11,6,1,1
0.014492753623188406,0.6328652153324267,12,39.0,41,29,249,177,45,33,5,4,0
0.0,0.7266909491063862,29,47.5,58,29,351,177,62,33,6,4,0
0.0,0.22002442797941646,17,30.5,35,18,213,111,39,22,3,4,0
0.20588235294117646,0.9733107885073098,7,24.5,24,17,147,105,28,21,2,2,1
1.0,1.0000000000000002,0,45.0,41,41,249,249,45,45,7,7,1
0.02197802197802198,0.7233227185992384,23,50.5,58,35,351,213,62,39,6,3,1
1.0,1.0,0,22.0,18,18,111,111,22,22,4,4,1
1.0,1.0000000000000002,0,45.0,41,41,249,249,45,45,5,5,1
0.017543859649122806,0.8865969167925662,0,62.0,58,58,351,351,62,62,6,6,1
0.0,0.7100279445422596,17,53.5,58,41,351,249,62,45,6,7,0
0.0,0.9463928505392937,0,33.0,29,29,177,177,33,33,4,4,1
0.0,0.4971306841682287,17,36.5,24,41,147,249,28,45,2,7,0
0.0,0.7559117432692416,25,32.5,41,16,249,99,45,20,5,4,1
1.0,1.0,0,22.0,18,18,111,111,22,22,4,4,1
0.10810810810810811,0.9747081858139504,7,24.5,24,17,147,105,28,21,2,2,1
0.0,0.8054156106075285,23,33.5,41,18,249,111,45,22,7,2,0
1.0,1.0,0,22.0,18,18,111,111,22,22,4,4,1
0.0,0.2538935062536867,11,27.5,18,29,111,177,22,33,4,4,0
1.0,1.0000000000000002,0,62.0,58,58,351,351,62,62,6,6,1
1.0,1.0,0,22.0,18,18,111,111,22,22,4,4,1
0.0,0.18953826437255233,40,25.0,41,1,249,10,45,5,5,1,1
1.0,1.0000000000000002,0,45.0,41,41,249,249,45,45,5,5,1
0.047619047619047616,0.4903707320303039,38,26.0,41,3,249,21,45,7,7,1,1
0.0,0.6283870409652174,17,53.5,41,58,249,351,45,62,7,6,0
1.0,1.0,0,22.0,18,18,111,111,22,22,4,4,1
1.0,1.0000000000000002,0,62.0,58,58,351,351,62,62,6,6,1
1.0,1.0000000000000002,0,45.0,41,41,249,249,45,45,7,7,1
0.0,0.6148858553178825,33,28.5,41,8,249,51,45,12,5,2,1
0.0,0.22709077644259612,40,42.0,58,18,351,111,62,22,6,4,0
0.0,0.4091749558143387,20,23.0,29,9,177,57,33,13,4,1,0
0.0,0.41852653300139553,28,19.0,29,1,177,10,33,5,4,1,1
1.0,1.0,0,22.0,18,18,111,111,22,22,4,4,1
0.0,0.7955456720309435,20,18.0,24,4,147,27,28,8,2,1,1
1.0,1.0,0,22.0,18,18,111,111,22,22,4,4,1
1.0,1.0000000000000002,0,62.0,58,58,351,351,62,62,6,6,1
0.0,0.2538935062536867,11,27.5,29,18,177,111,33,22,4,4,0
0.0,0.44171747641321923,17,36.5,41,24,249,147,45,28,5,2,0
1.0,1.0,0,22.0,18,18,111,111,22,22,4,4,1
0.3898305084745763,0.9015777797787092,0,45.0,41,41,249,249,45,45,5,5,1
1.0,1.0,0,28.0,24,24,147,147,28,28,2,2,1
1.0,1.0000000000000002,0,45.0,41,41,249,249,45,45,7,7,1
0.0,0.692628964653912,0,45.0,41,41,249,249,45,45,7,5,0
0.025,0.9329398088894869,0,45.0,41,41,249,249,45,45,7,7,1
0.0,0.5744730898055131,11,16.5,18,7,111,45,22,11,4,1,0
0.0,0.2538935062536867,11,27.5,29,18,177,111,33,22,4,4,0
0.0,0.520882157658352,40,42.0,57,18,351,111,62,22,6,2,0
0.014492753623188406,0.6328652153324267,12,39.0,41,29,249,177,45,33,5,4,0
1.0,1.0,0,33.0,29,29,177,177,33,33,4,4,1
1.0,1.0,0,33.0,29,29,177,177,33,33,4,4,1
1.0,1.0,0,22.0,18,18,111,111,22,22,4,4,1
1.0,1.0000000000000002,0,45.0,41,41,249,249,45,45,7,7,1
1.0,1.0,0,33.0,29,29,177,177,33,33,4,4,1
0.3898305084745763,0.9015777797787092,0,45.0,41,41,249,249,45,45,5,5,1
0.0,0.4973669531565419,34,45.0,24,58,147,351,28,62,2,6,0
1.0,1.0,0,22.0,18,18,111,111,22,22,4,4,1
1.0,1.0,0,22.0,18,18,111,111,22,22,4,4,1
0.07407407407407407,0.9853247952286374,0,33.0,29,29,177,177,33,33,4,4,1
1.0,1.0,0,33.0,29,29,177,177,33,33,4,4,1
1.0,1.0000000000000002,0,45.0,41,41,249,249,45,45,7,7,1
1.0,1.0,0,33.0,29,29,177,177,33,33,4,4,1
1.0,1.0,0,28.0,24,24,147,147,28,28,2,2,1
0.0,0.43242502831730206,23,33.5,41,18,249,111,45,22,5,4,0
1.0,1.0,0,28.0,24,24,147,147,28,28,2,2,1
1.0,1.0000000000000002,0,62.0,58,58,351,351,62,62,6,6,1
0.0,0.5365590946623766,23,16.5,24,1,147,10,28,5,2,1,1
0.0,0.27576090824014776,40,25.0,1,41,10,249,5,45,1,7,0
1.0,1.0,0,22.0,18,18,111,111,22,22,4,4,1
0.0,0.44171747641321923,17,36.5,41,24,249,147,45,28,5,2,0
0.3898305084745763,0.9015777797787092,0,45.0,41,41,249,249,45,45,5,5,1
1.0,1.0,0,33.0,29,29,177,177,33,33,4,4,1
0.0,0.20344407562873162,30,30.0,41,11,249,69,45,15,5,1,0
1.0,1.0,0,22.0,18,18,111,111,22,22,4,4,1
1.0,1.0000000000000002,0,45.0,41,41,249,249,45,45,5,5,1
0.041666666666666664,0.6851452032196064,32,29.0,41,9,249,57,45,13,7,2,1
1.0,1.0000000000000002,0,45.0,41,41,249,249,45,45,5,5,1
0.0,0.4971306841682287,17,36.5,24,41,147,249,28,45,2,7,0
0.0,0.22709077644259612,40,42.0,58,18,351,111,62,22,6,4,0
1.0,1.0000000000000002,0,45.0,41,41,249,249,45,45,7,7,1
0.0,0.9126343442301338,0,33.0,29,29,177,177,33,33,4,4,1
0.0,0.4971306841682287,17,36.5,24,41,147,249,28,45,2,7,0
1.0,1.0,0,22.0,18,18,111,111,22,22,4,4,1
0.021505376344086023,0.7325973518838598,21,51.5,58,37,351,225,62,41,6,4,1
0.047619047619047616,0.4903707320303039,38,26.0,41,3,249,21,45,7,7,1,1
0.0425531914893617,0.6476699987260881,33,28.5,41,8,249,51,45,12,7,1,1
1.0,1.0,0,22.0,18,18,111,111,22,22,4,4,1
0.0,0.8677295178692368,29,47.5,58,29,351,177,62,33,6,4,0
0.17647058823529413,0.8307764380048652,18,24.0,29,11,177,69,33,15,4,2,1
0.022988505747126436,0.8529611547425667,27,48.5,58,31,351,189,62,35,6,3,1
0.047619047619047616,0.4903707320303039,38,26.0,41,3,249,21,45,7,7,1,1
1.0,1.0,0,28.0,24,24,147,147,28,28,2,2,1
1.0,1.0,0,28.0,24,24,147,147,28,28,2,2,1
0.0,0.5052757436535622,34,45.0,58,24,351,147,62,28,6,2,0
0.0,0.8646793801111697,16,20.0,24,8,147,51,28,12,2,1,1
0.0,0.4171642027861056,38,26.0,41,3,249,21,45,7,5,1,0
0.0,0.2902291140555668,5,19.5,18,13,111,81,22,17,4,2,0
0.0,0.2538935062536867,11,27.5,29,18,177,111,33,22,4,4,0
1.0,1.0,0,22.0,18,18,111,111,22,22,4,4,1
0.0,0.7050193098712491,29,47.5,29,58,177,351,33,62,4,6,0
1.0,1.0,0,22.0,18,18,111,111,22,22,4,4,1
0.03389830508474576,0.32182314540451346,55,34.5,58,3,351,21,62,7,6,1,1
0.0,0.7883375311638763,15,25.5,29,14,177,87,33,18,4,1,1
0.0,0.5052757436535622,34,45.0,58,24,351,147,62,28,6,2,0
0.05128205128205128,0.81985894367405,0,45.0,41,41,249,249,45,45,5,5,1
1.0,1.0000000000000002,0,45.0,41,41,249,249,45,45,7,7,1
1.0,1.0000000000000002,0,45.0,41,41,249,249,45,45,7,7,1
0.0,0.43242502831730206,23,33.5,18,41,111,249,22,45,4,5,0
0.07894736842105263,0.9258927382525557,7,24.5,24,17,147,105,28,21,2,2,1
0.0,0.6283870409652172,17,53.5,58,41,351,249,62,45,6,7,0
0.017543859649122806,0.8781199486845422,0,62.0,58,58,351,351,62,62,6,6,1
0.0,0.9765561800037376,0,33.0,29,29,177,177,33,33,4,4,1
0.0,0.44171747641321923,17,36.5,24,41,147,249,28,45,2,5,0
0.0,0.12874811200072173,57,33.5,58,1,351,10,62,5,6,1,0
0.0,0.7330063331358704,17,13.5,18,1,111,10,22,5,4,1,0
1.0,1.0,0,22.0,18,18,111,111,22,22,4,4,1
0.0,0.5052757436535622,34,45.0,24,58,147,351,28,62,2,6,0
0.0,0.8972724596278058,0,45.0,41,41,249,249,45,45,5,5,1
0.0,0.8165390250584728,0,45.0,41,41,249,249,45,45,5,5,1
0.0,0.2538935062536867,11,27.5,18,29,111,177,22,33,4,4,0
1.0,1.0000000000000002,0,62.0,58,58,351,351,62,62,6,6,1
0.0,0.4971306841682287,17,36.5,41,24,249,147,45,28,7,2,0
0.0,0.34848371253316923,23,33.5,18,41,111,249,22,45,4,7,0
1.0,1.0,0,28.0,24,24,147,147,28,28,2,2,1
0.017543859649122806,0.8521862188295901,0,62.0,58,58,351,351,62,62,6,6,1
0.0,0.8524329417953219,28,31.0,13,41,81,249,17,45,2,7,0
1.0,1.0,0,22.0,18,18,111,111,22,22,4,4,1
1.0,1.0,0,28.0,24,24,147,147,28,28,2,2,1
0.0,0.6956123918214733,0,45.0,41,41,249,249,45,45,7,5,0
1.0,1.0,0,33.0,29,29,177,177,33,33,4,4,1
0.0,0.7282657838352646,24,33.0,41,17,249,105,45,21,7,3,0
0.0,0.31860475992213494,21,17.5,24,3,147,21,28,7,2,1,0
0.0,0.14700058977446326,28,19.0,1,29,10,177,5,33,1,4,0
0.0,0.6967212660166109,12,39.0,41,29,249,177,45,33,5,4,0
0.0,0.4971306841682287,17,36.5,24,41,147,249,28,45,2,7,0
1.0,1.0,0,22.0,18,18,111,111,22,22,4,4,1
0.0,0.29759582228086595,55,34.5,3,58,21,351,7,62,1,6,0
0.0,0.34848371253316923,23,33.5,18,41,111,249,22,45,4,7,0
0.0,0.6283870409652172,17,53.5,41,58,249,351,45,62,7,6,0
0.5769230769230769,0.9999793559769046,0,45.0,41,41,249,249,45,45,7,7,1
0.0,0.4296149167534653,0,22.0,18,18,111,111,22,22,4,2,0
1.0,1.0,0,28.0,24,24,147,147,28,28,2,2,1
1.0,1.0,0,33.0,29,29,177,177,33,33,4,4,1
1.0,1.0000000000000002,0,45.0,41,41,249,249,45,45,7,7,1
0.0,0.9398203012515062,0,33.0,29,29,177,177,33,33,4,4,1
0.0,0.6656448540000882,15,20.5,9,24,57,147,13,28,2,2,0
0.0,0.7426442554411846,0,45.0,41,41,249,249,45,45,7,5,0
0.0,0.43242502831730206,23,33.5,18,41,111,249,22,45,4,5,0
1.0,1.0,0,33.0,29,29,177,177,33,33,4,4,1
1.0,1.0000000000000002,0,62.0,58,58,351,351,62,62,6,6,1
0.03076923076923077,0.9428813169080243,15,37.5,41,26,249,159,45,30,7,4,1
0.0,0.10334365519322315,23,16.5,24,1,147,10,28,5,2,1,0
0.0,0.808661465318046,0,45.0,41,41,249,249,45,45,5,5,1
0.0,0.44866352839824697,6,25.0,24,18,147,111,28,22,2,4,0
0.0,0.6121489996150821,17,53.5,41,58,249,351,45,62,5,6,0
0.0,0.7050193098712491,29,47.5,58,29,351,177,62,33,6,4,0
0.0,0.5785890511775188,3,26.5,24,21,147,129,28,25,2,3,0
0.0,0.8481618182191121,13,21.5,24,11,147,69,28,15,2,1,1
0.0,0.5107261131196384,38,26.0,3,41,21,249,7,45,1,7,0
1.0,1.0,0,22.0,18,18,111,111,22,22,4,4,1
0.41379310344827586,0.9980361695273419,0,45.0,41,41,249,249,45,45,7,7,1
0.0,0.5052757436535622,34,45.0,58,24,351,147,62,28,6,2,0
1.0,1.0,0,33.0,29,29,177,177,33,33,4,4,1
0.5466666666666666,0.999830710802794,0,62.0,58,58,351,351,62,62,6,6,1
0.0625,0.5317980142695189,31,29.5,41,10,249,63,45,14,5,1,1
0.0,0.43242502831730206,23,33.5,41,18,249,111,45,22,5,4,0
0.0,0.032161066988398795,28,19.0,29,1,177,10,33,5,4,1,0
1.0,1.0000000000000002,0,62.0,58,58,351,351,62,62,6,6,1
0.0,0.5174900969297749,17,36.5,41,24,249,147,45,28,5,2,0
0.029411764705882353,0.7507706229374194,12,39.0,29,41,177,249,33,45,4,5,0
0.0,0.5158012844992462,6,19.0,12,18,75,111,16,22,2,4,0
0.0,0.7426442554411844,0,45.0,41,41,249,249,45,45,5,7,0
1.0,1.0000000000000002,0,45.0,41,41,249,249,45,45,5,5,1
1.0,1.0000000000000002,0,62.0,58,58,351,351,62,62,6,6,1
0.0,0.3484837125331693,23,33.5,41,18,249,111,45,22,7,4,0
0.0,0.9137142300971772,7,24.5,24,17,147,105,28,21,2,2,1
0.0,0.7795990144110133,0,45.0,41,41,249,249,45,45,5,7,0
0.08108108108108109,0.847310738874144,8,24.0,24,16,147,99,28,20,2,2,1
1.0,1.0000000000000002,0,62.0,58,58,351,351,62,62,6,6,1
0.0,0.44866352839824697,6,25.0,24,18,147,111,28,22,2,4,0
0.0,0.6868467534767217,17,19.5,24,7,147,45,28,11,2,1,1
0.0,0.8250208241230523,12,39.0,29,41,177,249,33,45,4,7,0
0.017543859649122806,0.853101172325827,0,62.0,58,58,351,351,62,62,6,6,1
0.0,0.9509851356785963,0,33.0,29,29,177,177,33,33,4,4,1
0.07894736842105263,0.9041317126473295,0,45.0,41,41,249,249,45,45,7,7,1
1.0,1.0,0,22.0,18,18,111,111,22,22,4,4,1
0.0,0.7955456720309435,20,18.0,24,4,147,27,28,8,2,1,1
1.0,1.0,0,33.0,29,29,177,177,33,33,4,4,1
0.0,0.6040323467046004,44,40.0,14,58,87,351,18,62,3,6,0
0.0,0.44866352839824697,6,25.0,24,18,147,111,28,22,2,4,0
0.03389830508474576,0.32182314540451346,55,34.5,58,3,351,21,62,7,6,1,1
0.0,0.8991844887759667,10,23.0,24,14,147,87,28,18,2,1,1
0.0,0.6872158022157363,7,29.5,29,22,177,135,33,26,4,2,0
1.0,1.0,0,22.0,18,18,111,111,22,22,4,4,1
1.0,1.0000000000000002,0,45.0,41,41,249,249,45,45,5,5,1
1.0,1.0,0,22.0,18,18,111,111,22,22,4,4,1
1.0,1.0000000000000002,0,62.0,58,58,351,351,62,62,6,6,1
1.0,1.0,0,28.0,24,24,147,147,28,28,2,2,1
1.0,1.0000000000000002,0,45.0,41,41,249,249,45,45,7,7,1
1.0,1.0,0,28.0,24,24,147,147,28,28,2,2,1
0.0,0.5202906524378991,32,29.0,41,9,249,57,45,13,5,2,1
1.0,1.0,0,33.0,29,29,177,177,33,33,4,4,1
1.0,1.0000000000000002,0,62.0,58,58,351,351,62,62,6,6,1
0.3023255813953488,0.8000155544210764,26,32.0,41,15,249,93,45,19,7,3,1
0.0,0.6764068809178747,21,17.5,24,3,147,21,28,7,2,1,1
0.0,0.4971306841682287,17,36.5,24,41,147,249,28,45,2,7,0
0.0,0.44171747641321923,17,36.5,41,24,249,147,45,28,5,2,0
1.0,1.0,0,28.0,24,24,147,147,28,28,2,2,1
1.0,1.0000000000000002,0,62.0,58,58,351,351,62,62,6,6,1
0.0,0.7575653046822308,19,23.5,10,29,63,177,14,33,1,4,0
0.0,0.755717853126673,17,53.5,41,58,249,351,45,62,5,6,0
0.0,0.2601322740789769,11,27.5,29,18,177,111,33,22,4,4,0
0.0,0.8596021335641479,0,45.0,41,41,249,249,45,45,5,5,1
0.0,0.43112197829251275,23,33.5,18,41,111,249,22,45,4,5,0
0.11538461538461539,0.7611584846040838,19,18.5,24,5,147,33,28,9,2,1,1
0.0,0.3484837125331693,23,33.5,41,18,249,111,45,22,7,4,0
0.029411764705882353,0.7507706229374194,12,39.0,29,41,177,249,33,45,4,5,0
0.0,0.5052757436535622,34,45.0,24,58,147,351,28,62,2,6,0
1.0,1.0,0,28.0,24,24,147,147,28,28,2,2,1
1.0,1.0,0,22.0,18,18,111,111,22,22,4,4,1
1.0,1.0,0,33.0,29,29,177,177,33,33,4,4,1
1.0,1.0,0,22.0,18,18,111,111,22,22,4,4,1
0.13725490196078433,0.9822301199466904,0,62.0,58,58,351,351,62,62,6,6,1
0.07894736842105263,0.9101601716357355,7,24.5,24,17,147,105,28,21,2,2,1
1.0,1.0,0,28.0,24,24,147,147,28,28,2,2,1
1.0,1.0000000000000002,0,45.0,41,41,249,249,45,45,7,7,1
1.0,1.0,0,28.0,24,24,147,147,28,28,2,2,1
0.0,0.8006786761440721,0,45.0,41,41,249,249,45,45,5,5,1
0.0,0.7937278038769521,17,53.5,41,58,249,351,45,62,5,6,0
0.0,0.2704556254544714,17,30.5,18,35,111,213,22,39,4,3,0
0.0,0.5793057973355823,2,21.0,18,16,111,99,22,20,4,4,0
1.0,1.0,0,33.0,29,29,177,177,33,33,4,4,1
0.0821917808219178,0.6728308881849642,37,43.5,58,21,351,129,62,25,6,2,1
1.0,1.0,0,22.0,18,18,111,111,22,22,4,4,1
0.0,0.8198659713579827,11,22.5,24,13,147,81,28,17,2,2,1
0.0,0.44171747641321923,17,36.5,41,24,249,147,45,28,5,2,0
0.045454545454545456,0.500590214194517,36,27.0,41,5,249,33,45,9,7,2,1
0.0,0.9526434778690449,6,25.0,24,18,147,111,28,22,2,2,1
1.0,1.0,0,33.0,29,29,177,177,33,33,4,4,1
1.0,1.0,0,28.0,24,24,147,147,28,28,2,2,1
0.0,0.8847739768182636,0,45.0,41,41,249,249,45,45,5,5,1
1.0,1.0000000000000002,0,45.0,41,41,249,249,45,45,5,5,1
1.0,1.0,0,33.0,29,29,177,177,33,33,4,4,1
1.0,1.0,0,33.0,29,29,177,177,33,33,4,4,1
1.0,1.0,0,22.0,18,18,111,111,22,22,4,4,1
1.0,1.0,0,28.0,24,24,147,147,28,28,2,2,1
0.09433962264150944,0.9769842736596757,0,62.0,58,58,351,351,62,62,6,6,1
1.0,1.0000000000000002,0,45.0,41,41,249,249,45,45,7,7,1
0.0,0.7823456315385936,24,21.0,29,5,177,33,33,9,4,2,1
0.0,0.8250208241230523,12,39.0,29,41,177,249,33,45,4,7,0
0.0,0.43247040412844756,23,33.5,18,41,111,249,22,45,4,5,0
0.0,0.4852714813971265,8,24.0,16,24,99,147,20,28,4,2,0
0.23529411764705882,0.8855946894098892,19,35.5,41,22,249,135,45,26,7,4,1
0.017543859649122806,0.8766700093967082,0,62.0,58,58,351,351,62,62,6,6,1
1.0,1.0000000000000002,0,45.0,41,41,249,249,45,45,5,5,1
1.0,1.0000000000000002,0,62.0,58,58,351,351,62,62,6,6,1
0.0,0.4772286696606038,24,21.0,5,29,33,177,9,33,2,4,0
0.09090909090909091,0.9951109373839839,0,28.0,24,24,147,147,28,28,2,2,1
0.0,0.5734044110724148,4,43.0,41,37,249,225,45,41,5,4,0
0.0,0.7330063331358704,17,13.5,18,1,111,10,22,5,4,1,0
0.0,0.36747359510097233,21,17.5,24,3,147,21,28,7,2,1,0
1.0,1.0000000000000002,0,45.0,41,41,249,249,45,45,7,7,1
1.0,1.0000000000000002,0,45.0,41,41,249,249,45,45,7,7,1
0.0,0.44171747641321923,17,36.5,24,41,147,249,28,45,2,5,0
0.07407407407407407,0.9851358232863083,0,33.0,29,29,177,177,33,33,4,4,1
0.3898305084745763,0.9015777797787092,0,45.0,41,41,249,249,45,45,5,5,1
0.0,0.6314124432398247,27,31.5,41,14,249,87,45,18,5,2,0
0.0,0.34848371253316923,23,33.5,18,41,111,249,22,45,4,7,0
0.0,0.7050193098712491,29,47.5,29,58,177,351,33,62,4,6,0
1.0,1.0,0,22.0,18,18,111,111,22,22,4,4,1
0.0,0.49051338872297523,26,20.0,29,3,177,21,33,7,4,1,0
0.0,0.44171747641321923,17,36.5,41,24,249,147,45,28,5,2,0
1.0,1.0,0,22.0,18,18,111,111,22,22,4,4,1
1.0,1.0,0,22.0,18,18,111,111,22,22,4,4,1
0.0,0.6283870409652172,17,53.5,58,41,351,249,62,45,6,7,0
0.0,0.8486694949737237,18,24.0,29,11,177,69,33,15,4,2,1
1.0,1.0,0,22.0,18,18,111,111,22,22,4,4,1
1.0,1.0,0,22.0,18,18,111,111,22,22,4,4,1
1.0,1.0000000000000002,0,62.0,58,58,351,351,62,62,6,6,1
0.10344827586206896,0.831047420854786,16,20.0,24,8,147,51,28,12,2,1,1
1.0,1.0,0,33.0,29,29,177,177,33,33,4,4,1
0.0,0.18953826437255233,40,25.0,41,1,249,10,45,5,5,1,1
0.0,0.7050193098712491,29,47.5,29,58,177,351,33,62,4,6,0
0.047619047619047616,0.4903707320303039,38,26.0,41,3,249,21,45,7,7,1,1
0.045454545454545456,0.500590214194517,36,27.0,41,5,249,33,45,9,7,2,1
0.0,0.2590588535851776,17,36.5,41,24,249,147,45,28,5,2,0
0.0,0.5885615831000294,47,38.5,58,11,351,69,62,15,6,2,0
0.0,0.7937278038769522,17,53.5,58,41,351,249,62,45,6,5,0
0.014492753623188406,0.6328652153324267,12,39.0,29,41,177,249,33,45,4,5,0
0.0,0.18953826437255233,40,25.0,41,1,249,10,45,5,5,1,1
0.0,0.6731993014543277,17,13.5,18,1,111,10,22,5,4,1,0
1.0,1.0,0,28.0,24,24,147,147,28,28,2,2,1
1.0,1.0,0,28.0,24,24,147,147,28,28,2,2,1
0.0,0.9797228481697344,6,25.0,24,18,147,111,28,22,2,2,1
0.046875,0.7983704807097236,15,37.5,41,26,249,159,45,30,5,3,1
0.0,0.481229388973216,40,25.0,41,1,249,10,45,5,7,1,0
0.0821917808219178,0.6728308881849642,37,43.5,58,21,351,129,62,25,6,2,1
0.0,0.6283870409652172,17,53.5,41,58,249,351,45,62,7,6,0
1.0,1.0,0,33.0,29,29,177,177,33,33,4,4,1
0.0,0.41852653300139553,28,19.0,29,1,177,10,33,5,4,1,1
0.0,0.21960695550651915,28,36.0,18,46,111,279,22,50,4,4,0
0.03389830508474576,0.32182314540451346,55,34.5,58,3,351,21,62,7,6,1,1
1.0,1.0000000000000002,0,45.0,41,41,249,249,45,45,7,7,1
1.0,1.0,0,28.0,24,24,147,147,28,28,2,2,1
0.0,0.49146334528803076,37,43.5,21,58,129,351,25,62,2,6,0
0.0,0.5271454690042516,26,20.0,29,3,177,21,33,7,4,1,1
0.0,0.2765460597684817,53,35.5,58,5,351,33,62,9,6,1,0
0.0,0.7777968926329628,17,19.5,24,7,147,45,28,11,2,1,1
1.0,1.0000000000000002,0,62.0,58,58,351,351,62,62,6,6,1
1.0,1.0000000000000002,0,62.0,58,58,351,351,62,62,6,6,1
0.3898305084745763,0.9015777797787092,0,45.0,41,41,249,249,45,45,5,5,1
0.3898305084745763,0.9015777797787092,0,45.0,41,41,249,249,45,45,5,5,1
0.0,0.7258453121614149,0,45.0,41,41,249,249,45,45,5,7,0
0.0,0.46674076340163645,12,39.0,41,29,249,177,45,33,5,4,0
1.0,1.0000000000000002,0,45.0,41,41,249,249,45,45,5,5,1
0.03571428571428571,0.9598190005246847,0,33.0,29,29,177,177,33,33,4,4,1
0.0,0.4971306841682287,17,36.5,24,41,147,249,28,45,2,7,0
0.0,0.3878359693789804,0,22.0,18,18,111,111,22,22,4,4,0
0.0,0.7399838469219948,12,39.0,29,41,177,249,33,45,4,5,0
1.0,1.0,0,33.0,29,29,177,177,33,33,4,4,1
0.0,0.22709077644259612,40,42.0,58,18,351,111,62,22,6,4,0
0.0,0.35095350700638256,48,38.0,58,10,351,63,62,14,6,2,0
1.0,1.0,0,22.0,18,18,111,111,22,22,4,4,1
0.0,0.4952513563162867,19,23.5,29,10,177,63,33,14,4,1,0
1.0,1.0000000000000002,0,62.0,58,58,351,351,62,62,6,6,1
0.0,0.22709077644259607,40,42.0,18,58,111,351,22,62,4,6,0
0.0,0.43242502831730206,23,33.5,41,18,249,111,45,22,5,4,0
0.0,0.16065259620811118,28,19.0,1,29,10,177,5,33,1,4,0
1.0,1.0,0,33.0,29,29,177,177,33,33,4,4,1
1.0,1.0,0,33.0,29,29,177,177,33,33,4,4,1
1.0,1.0000000000000002,0,62.0,58,58,351,351,62,62,6,6,1
0.0,0.5174900969297749,17,36.5,41,24,249,147,45,28,5,2,0
0.0,0.4312099109125647,25,57.5,66,41,399,249,70,45,7,5,0
0.017543859649122806,0.8470676428068651,0,62.0,58,58,351,351,62,62,6,6,1
0.0,0.5354307399501206,5,30.5,29,24,177,147,33,28,4,2,0
0.09090909090909091,0.8672002111410557,12,22.0,24,12,147,75,28,16,2,2,1
1.0,1.0,0,22.0,18,18,111,111,22,22,4,4,1
0.3181818181818182,0.9918661648752956,0,33.0,29,29,177,177,33,33,4,4,1
1.0,1.0000000000000002,0,62.0,58,58,351,351,62,62,6,6,1
0.0,0.52068492282323,15,14.5,3,18,21,111,7,22,1,4,0
0.0,0.17562086560344384,40,25.0,41,1,249,10,45,5,5,1,1
0.0,0.9775813419355416,16,25.0,29,13,177,81,33,17,4,2,1
0.0,0.18953826437255233,40,25.0,41,1,249,10,45,5,5,1,1
0.0,0.44866352839824697,6,25.0,24,18,147,111,28,22,2,4,0
0.0,0.5063121950817616,34,45.0,58,24,351,147,62,28,6,2,0
0.0,0.4220623435378459,17,36.5,41,24,249,147,45,28,5,2,0
0.3898305084745763,0.9015777797787092,0,45.0,41,41,249,249,45,45,5,5,1
0.0,0.22132084151531511,8,18.0,18,10,111,63,22,14,4,2,0
0.0,0.49659525886790784,34,45.0,24,57,147,351,28,62,2,6,0
1.0,1.0000000000000002,0,62.0,58,58,351,351,62,62,6,6,1
0.03773584905660377,0.7456162385646908,27,31.5,41,14,249,87,45,18,7,2,1
0.3898305084745763,0.9015777797787092,0,45.0,41,41,249,249,45,45,5,5,1
1.0,1.0,0,33.0,29,29,177,177,33,33,4,4,1
0.0,0.22709077644259607,40,42.0,18,58,111,351,22,62,4,6,0
0.0,0.45350634692090785,2,21.0,18,16,111,99,22,20,4,2,0
0.0,0.5527243352986199,10,17.0,8,18,51,111,12,22,1,4,0
1.0,1.0000000000000002,0,45.0,41,41,249,249,45,45,7,7,1
1.0,1.0000000000000002,0,45.0,41,41,249,249,45,45,7,7,1
0.03389830508474576,0.32182314540451346,55,34.5,58,3,351,21,62,7,6,1,1
0.08333333333333333,0.9163554462138356,9,23.5,24,15,147,93,28,19,2,2,1
0.0,0.7050193098712491,29,47.5,29,58,177,351,33,62,4,6,0
0.031746031746031744,0.44140794765726765,51,36.5,58,7,351,45,62,11,6,1,1
0.0,0.9803329847730688,3,26.5,24,21,147,129,28,25,2,2,1
1.0,1.0,0,22.0,18,18,111,111,22,22,4,4,1
0.0,0.8107785627127381,17,53.5,58,41,351,249,62,45,6,7,0
1.0,1.0,0,33.0,29,29,177,177,33,33,4,4,1
1.0,1.0,0,22.0,18,18,111,111,22,22,4,4,1
0.014492753623188406,0.6328652153324267,12,39.0,41,29,249,177,45,33,5,4,0
0.07894736842105263,0.9041317126473295,0,45.0,41,41,249,249,45,45,7,7,1
1.0,1.0000000000000002,0,45.0,41,41,249,249,45,45,5,5,1
1.0,1.0000000000000002,0,45.0,41,41,249,249,45,45,5,5,1
1.0,1.0,0,22.0,18,18,111,111,22,22,4,4,1
0.0,0.43242502831730206,23,33.5,18,41,111,249,22,45,4,5,0
0.0,0.5970555217790234,5,30.5,24,29,147,177,28,33,2,4,0
1.0,1.0000000000000002,0,62.0,58,58,351,351,62,62,6,6,1
1.0,1.0000000000000002,0,45.0,41,41,249,249,45,45,7,7,1
0.45,0.9998268784479788,0,62.0,58,58,351,351,62,62,6,6,1
0.0,0.5116157544272725,27,31.5,41,14,249,87,45,18,5,3,0
0.025,0.8626790727073248,0,45.0,41,41,249,249,45,45,5,5,1
1.0,1.0,0,22.0,18,18,111,111,22,22,4,4,1
1.0,1.0000000000000002,0,45.0,41,41,249,249,45,45,5,5,1
0.0,0.22716435485444603,54,35.0,58,4,351,27,62,8,6,1,0
1.0,1.0,0,22.0,18,18,111,111,22,22,4,4,1
0.0,0.34848371253316923,23,33.5,18,41,111,249,22,45,4,7,0
0.0,0.22709077644259612,40,42.0,58,18,351,111,62,22,6,4,0
0.34782608695652173,0.9576165264296549,23,50.5,58,35,351,213,62,39,6,3,1
1.0,1.0000000000000002,0,62.0,58,58,351,351,62,62,6,6,1
0.0,0.5788556587270091,0,45.0,41,41,249,249,45,45,7,5,0
0.05084745762711865,0.8576368844301369,20,35.0,41,21,249,129,45,25,5,3,1
1.0,1.0000000000000002,0,62.0,58,58,351,351,62,62,6,6,1
1.0,1.0,0,22.0,18,18,111,111,22,22,4,4,1
1.0,1.0,0,22.0,18,18,111,111,22,22,4,4,1
0.0,0.8280070841835534,12,39.0,29,41,177,249,33,45,4,5,0
1.0,1.0000000000000002,0,45.0,41,41,249,249,45,45,7,7,1
0.0,0.3484837125331693,23,33.5,41,18,249,111,45,22,7,4,0
0.5185185185185185,0.997881505057989,0,45.0,41,41,249,249,45,45,7,7,1
0.0,0.5307762374573051,5,30.5,24,29,147,177,28,33,2,4,0
1.0,1.0000000000000002,0,62.0,58,58,351,351,62,62,6,6,1
1.0,1.0,0,22.0,18,18,111,111,22,22,4,4,1
1.0,1.0,0,33.0,29,29,177,177,33,33,4,4,1
0.0,0.7898190417861738,0,14.0,10,10,63,63,14,14,2,1,0
1.0,1.0,0,22.0,18,18,111,111,22,22,4,4,1
0.0,0.9788117799471272,0,33.0,29,29,177,177,33,33,4,4,1
1.0,1.0,0,28.0,24,24,147,147,28,28,2,2,1
0.16,0.6665519290309629,19,18.5,24,5,147,33,28,9,2,1,1
0.0,0.43242502831730206,23,33.5,18,41,111,249,22,45,4,5,0
0.0,0.8261578489403564,17,53.5,41,58,249,351,45,62,5,6,0
0.0,0.5241299078736444,33,28.5,8,41,51,249,12,45,1,5,0
0.0,0.5271454690042516,26,20.0,29,3,177,21,33,7,4,1,1
0.0,0.2538935062536867,11,27.5,18,29,111,177,22,33,4,4,0
0.06818181818181818,0.8844475877287223,11,27.5,29,18,177,111,33,22,4,2,1
0.0,0.7955456720309435,20,18.0,24,4,147,27,28,8,2,1,1
1.0,1.0,0,28.0,24,24,147,147,28,28,2,2,1
0.017699115044247787,0.8859722559179777,0,62.0,58,57,351,351,62,62,6,6,1
0.03571428571428571,0.9995884082774825,0,33.0,29,29,177,177,33,33,4,4,1
1.0,1.0,0,22.0,18,18,111,111,22,22,4,4,1
1.0,1.0000000000000002,0,45.0,41,41,249,249,45,45,7,7,1
0.09523809523809523,0.3851824187010315,36,27.0,41,5,249,33,45,9,5,2,1
0.047619047619047616,0.4903707320303039,38,26.0,41,3,249,21,45,7,7,1,1
1.0,1.0,0,22.0,18,18,111,111,22,22,4,4,1
1.0,1.0,0,28.0,24,24,147,147,28,28,2,2,1
0.0,0.864237636930799,0,45.0,41,41,249,249,45,45,5,5,1
0.0,0.49201605419138494,10,17.0,18,8,111,51,22,12,4,1,0
0.0,0.5970555217790234,5,30.5,24,29,147,177,28,33,2,4,0
0.0,0.4561575812425221,4,20.0,14,18,87,111,18,22,2,4,0
1.0,1.0,0,28.0,24,24,147,147,28,28,2,2,1
1.0,1.0000000000000002,0,45.0,41,41,249,249,45,45,7,7,1
1.0,1.0,0,22.0,18,18,111,111,22,22,4,4,1
0.0,0.6928608129760587,15,14.5,18,3,111,21,22,7,4,1,0
1.0,1.0000000000000002,0,45.0,41,41,249,249,45,45,7,7,1
0.0,0.8886219747983418,13,21.5,24,11,147,69,28,15,2,1,1
0.017543859649122806,0.8397216632746668,0,62.0,58,58,351,351,62,62,6,6,1
0.0,0.8844677478846427,17,19.5,24,7,147,45,28,11,2,1,1
1.0,1.0,0,22.0,18,18,111,111,22,22,4,4,1
0.0,0.818921474279564,41,41.5,17,58,105,351,21,62,3,6,0
1.0,1.0000000000000002,0,45.0,41,41,249,249,45,45,5,5,1
0.02197802197802198,0.7130754148749621,23,50.5,58,35,351,213,62,39,6,3,1
0.017543859649122806,0.853101172325827,0,62.0,58,58,351,351,62,62,6,6,1
0.0,0.4934112051131365,38,26.0,3,41,21,249,7,45,1,7,0
0.0,0.34848371253316923,23,33.5,18,41,111,249,22,45,4,7,0
0.0,0.2538935062536867,11,27.5,18,29,111,177,22,33,4,4,0
1.0,1.0000000000000002,0,62.0,58,58,351,351,62,62,6,6,1
0.0,0.5365590946623766,23,16.5,24,1,147,10,28,5,2,1,1
0.0967741935483871,0.7835441917824381,14,21.0,24,10,147,63,28,14,2,2,1
1.0,1.0,0,22.0,18,18,111,111,22,22,4,4,1
1.0,1.0,0,28.0,24,24,147,147,28,28,2,2,1
0.0,0.41852653300139553,28,19.0,29,1,177,10,33,5,4,1,1
0.014492753623188406,0.6328652153324267,12,39.0,41,29,249,177,45,33,5,4,0
0.0,0.9788117799471272,0,33.0,29,29,177,177,33,33,4,4,1
0.0,0.8773943947611582,0,45.0,41,41,249,249,45,45,5,5,1
0.0,0.8002881154055126,20,35.0,41,21,249,129,45,25,5,3,1
1.0,1.0,0,33.0,29,29,177,177,33,33,4,4,1
1.0,1.0000000000000002,0,45.0,41,41,249,249,45,45,7,7,1
0.0,0.5059916045099724,34,45.0,24,58,147,351,28,62,2,6,0
0.0379746835443038,0.8177027153255298,0,45.0,41,41,249,249,45,45,5,5,1
1.0,1.0000000000000002,0,45.0,41,41,249,249,45,45,7,7,1
0.0,0.2551251725400458,11,27.5,18,29,111,177,22,33,4,4,0
1.0,1.0000000000000002,0,62.0,58,58,351,351,62,62,6,6,1
0.017543859649122806,0.8789235234169325,0,62.0,58,58,351,351,62,62,6,6,1
0.0,0.2538935062536867,11,27.5,29,18,177,111,33,22,4,4,0
1.0,1.0,0,22.0,18,18,111,111,22,22,4,4,1
0.0,0.6283870409652172,17,53.5,58,41,351,249,62,45,6,7,0
0.0,0.3484837125331693,23,33.5,41,18,249,111,45,22,7,4,0
0.0,0.6283870409652172,17,53.5,58,41,351,249,62,45,6,7,0
0.0,0.43242502831730206,23,33.5,18,41,111,249,22,45,4,5,0
0.0,0.3484837125331693,23,33.5,41,18,249,111,45,22,7,4,0
0.0,0.6283870409652172,17,53.5,41,58,249,351,45,62,7,6,0
1.0,1.0000000000000002,0,62.0,58,58,351,351,62,62,6,6,1
0.0,0.3742261937273786,22,22.0,29,7,177,45,33,11,4,1,0
0.0,0.2538935062536867,11,27.5,29,18,177,111,33,22,4,4,0
1.0,1.0,0,28.0,24,24,147,147,28,28,2,2,1
0.0,0.8050996357768523,16,25.0,29,13,177,81,33,17,4,2,1
1.0,1.0000000000000002,0,45.0,41,41,249,249,45,45,7,7,1
1.0,1.0,0,22.0,18,18,111,111,22,22,4,4,1
0.11538461538461539,0.9588774324096762,0,33.0,29,29,177,177,33,33,4,4,1
0.0,0.4605193213945797,36,27.0,41,5,249,33,45,9,5,1,1
1.0,1.0000000000000002,0,45.0,41,41,249,249,45,45,7,7,1
1.0,1.0,0,28.0,24,24,147,147,28,28,2,2,1
1.0,1.0,0,22.0,18,18,111,111,22,22,4,4,1
0.0,0.22709077644259607,40,42.0,18,58,111,351,22,62,4,6,0
1.0,1.0000000000000002,0,62.0,58,58,351,351,62,62,6,6,1
0.0,0.44866352839824697,6,25.0,18,24,111,147,22,28,4,2,0
0.11538461538461539,0.9903367010033749,0,33.0,29,29,177,177,33,33,4,4,1
0.0,0.43242502831730206,23,33.5,18,41,111,249,22,45,4,5,0
0.0,0.5365590946623766,23,16.5,24,1,147,10,28,5,2,1,1
0.07407407407407407,0.9977341404882074,0,33.0,29,29,177,177,33,33,4,4,1
0.0,0.8699932329767944,10,23.0,24,14,147,87,28,18,2,2,1
1.0,1.0000000000000002,0,45.0,41,41,249,249,45,45,5,5,1
0.0,0.18953826437255233,40,25.0,41,1,249,10,45,5,5,1,1
0.0,0.5052757436535622,34,45.0,24,58,147,351,28,62,2,6,0
1.0,1.0,0,22.0,18,18,111,111,22,22,4,4,1
1.0,1.0,0,33.0,29,29,177,177,33,33,4,4,1
1.0,1.0,0,33.0,29,29,177,177,33,33,4,4,1
1.0,1.0000000000000002,0,45.0,41,41,249,249,45,45,7,7,1
0.02654867256637168,0.8777432252332299,0,62.0,58,58,351,351,62,62,6,6,1
0.0,0.5365590946623766,23,16.5,24,1,147,10,28,5,2,1,1
1.0,1.0000000000000002,0,62.0,58,58,351,351,62,62,6,6,1
0.0,0.2538935062536867,11,27.5,18,29,111,177,22,33,4,4,0
1.0,1.0,0,33.0,29,29,177,177,33,33,4,4,1
0.0,0.5921310404476586,1,21.5,17,18,105,111,21,22,3,4,0
0.0,0.9775813419355416,16,25.0,29,13,177,81,33,17,4,2,1
1.0,1.0000000000000002,0,45.0,41,41,249,249,45,45,5,5,1
0.0,0.764636367468563,17,53.5,58,41,351,249,62,45,6,5,0
0.07142857142857142,0.7596714153439633,26,49.0,58,32,351,195,62,36,6,3,1
1.0,1.0,0,22.0,18,18,111,111,22,22,4,4,1
0.05504587155963303,0.8357245983022976,0,62.0,58,57,351,351,62,62,6,6,1
1.0,1.0,0,28.0,24,24,147,147,28,28,2,2,1
0.0,0.2538935062536867,11,27.5,18,29,111,177,22,33,4,4,0
1.0,1.0000000000000002,0,45.0,41,41,249,249,45,45,7,7,1
1.0,1.0,0,22.0,18,18,111,111,22,22,4,4,1
0.05454545454545454,0.9356314561727559,0,33.0,29,29,177,177,33,33,4,4,1
1.0,1.0,0,22.0,18,18,111,111,22,22,4,4,1
0.0,0.7322293116702434,25,32.5,41,16,249,99,45,20,5,3,1
0.0,0.16065259620811115,28,19.0,29,1,177,10,33,5,4,1,0
0.041666666666666664,0.6851452032196064,32,29.0,41,9,249,57,45,13,7,2,1
1.0,1.0,0,28.0,24,24,147,147,28,28,2,2,1
1.0,1.0,0,22.0,18,18,111,111,22,22,4,4,1
1.0,1.0000000000000002,0,45.0,41,41,249,249,45,45,5,5,1
0.0,0.43242502831730206,23,33.5,41,18,249,111,45,22,5,4,0
0.014492753623188406,0.6328652153324267,12,39.0,29,41,177,249,33,45,4,5,0
0.0,0.8261578489403564,17,53.5,41,58,249,351,45,62,5,6,0
0.0,0.3601783807400054,23,33.5,41,18,249,111,45,22,5,4,0
0.3898305084745763,0.9015777797787092,0,45.0,41,41,249,249,45,45,5,5,1
0.03333333333333333,0.8460183701704005,17,19.5,24,7,147,45,28,11,2,1,1
0.0,0.8469913180188673,29,47.5,29,57,177,351,33,62,4,6,0
0.0,0.34848371253316923,23,33.5,18,41,111,249,22,45,4,7,0
1.0,1.0000000000000002,0,45.0,41,41,249,249,45,45,7,7,1
0.0,0.8250208241230523,12,39.0,29,41,177,249,33,45,4,7,0
1.0,1.0000000000000002,0,45.0,41,41,249,249,45,45,7,7,1
0.0,0.43242502831730206,23,33.5,18,41,111,249,22,45,4,5,0
0.0,0.9453576755131033,3,26.5,24,21,147,129,28,25,2,2,1
0.0,0.5052757436535622,34,45.0,58,24,351,147,62,28,6,2,0
1.0,1.0,0,33.0,29,29,177,177,33,33,4,4,1
1.0,1.0000000000000002,0,45.0,41,41,249,249,45,45,7,7,1
0.0,0.9508903338932835,0,33.0,29,29,177,177,33,33,4,4,1
0.0,0.2538935062536867,11,27.5,29,18,177,111,33,22,4,4,0
0.0,0.5365590946623766,23,16.5,24,1,147,10,28,5,2,1,1
1.0,1.0,0,22.0,18,18,111,111,22,22,4,4,1
0.3023255813953488,0.8000155544210764,26,32.0,41,15,249,93,45,19,7,3,1
1.0,1.0,0,22.0,18,18,111,111,22,22,4,4,1
0.07692307692307693,0.9632528243220881,6,25.0,24,18,147,111,28,22,2,2,1
0.0,0.44866352839824697,6,25.0,18,24,111,147,22,28,4,2,0
1.0,1.0,0,28.0,24,24,147,147,28,28,2,2,1
1.0,1.0000000000000002,0,45.0,41,41,249,249,45,45,7,7,1
1.0,1.0000000000000002,0,62.0,58,58,351,351,62,62,6,6,1
0.13725490196078433,0.9819998858751342,0,62.0,58,58,351,351,62,62,6,6,1
0.0,0.8357624467921243,8,24.0,24,16,147,99,28,20,2,2,1
1.0,1.0,0,33.0,29,29,177,177,33,33,4,4,1
0.0,0.22709077644259612,40,42.0,58,18,351,111,62,22,6,4,0
1.0,1.0,0,33.0,29,29,177,177,33,33,4,4,1
0.0,0.5493149167434125,34,45.0,24,58,147,351,28,62,2,6,0
0.09433962264150944,0.9468878498903923,0,33.0,29,29,177,177,33,33,4,4,1
0.0,0.7426442554411844,0,45.0,41,41,249,249,45,45,5,7,0
0.0,0.22709077644259612,40,42.0,58,18,351,111,62,22,6,4,0
0.0379746835443038,0.9407965600938941,0,45.0,41,41,249,249,45,45,7,7,1
0.0,0.5318112127022107,15,20.5,9,24,57,147,13,28,2,2,0
0.0,0.032161066988398795,28,19.0,1,29,10,177,5,33,1,4,0
0.0,0.44171747641321923,17,36.5,41,24,249,147,45,28,5,2,0
0.014492753623188406,0.6328652153324267,12,39.0,29,41,177,249,33,45,4,5,0
0.0,0.8671370347415721,19,23.5,29,10,177,63,33,14,4,2,1
1.0,1.0,0,22.0,18,18,111,111,22,22,4,4,1
1.0,1.0000000000000002,0,45.0,41,41,249,249,45,45,7,7,1
0.017543859649122806,0.8286983562860951,0,62.0,58,58,351,351,62,62,6,6,1
0.0,0.8250208241230523,12,39.0,41,29,249,177,45,33,7,4,0
0.014492753623188406,0.6328652153324267,12,39.0,41,29,249,177,45,33,5,4,0
0.0,0.9403685206893831,0,33.0,29,29,177,177,33,33,4,4,1
1.0,1.0,0,28.0,24,24,147,147,28,28,2,2,1
0.041666666666666664,0.6851452032196064,32,29.0,41,9,249,57,45,13,7,2,1
1.0,1.0,0,22.0,18,18,111,111,22,22,4,4,1
1.0,1.0,0,22.0,18,18,111,111,22,22,4,4,1
1.0,1.0000000000000002,0,45.0,41,41,249,249,45,45,7,7,1
1.0,1.0000000000000002,0,62.0,58,58,351,351,62,62,6,6,1
1.0,1.0,0,28.0,24,24,147,147,28,28,2,2,1
0.0,0.7746044299518976,24,33.0,41,17,249,105,45,21,5,3,1
0.0,0.7408868520839283,0,45.0,41,41,249,249,45,45,5,7,0
0.0,0.2538935062536867,11,27.5,18,29,111,177,22,33,4,4,0
0.0,0.9616453203962874,0,33.0,29,29,177,177,33,33,4,4,1
0.3898305084745763,0.9015777797787092,0,45.0,41,41,249,249,45,45,5,5,1
0.0,0.8639677887006079,20,23.0,29,9,177,57,33,13,4,3,1
0.6571428571428571,1.0000000000000002,0,62.0,58,58,351,351,62,62,6,6,1
0.0,0.8736298617729686,0,45.0,41,41,249,249,45,45,5,5,1
0.0,0.18953826437255233,40,25.0,41,1,249,10,45,5,5,1,1
0.0625,0.4801709168353679,31,29.5,41,10,249,63,45,14,5,1,1
0.0,0.2868516006219986,6,25.0,24,18,147,111,28,22,2,4,0
1.0,1.0000000000000002,0,62.0,58,58,351,351,62,62,6,6,1
1.0,1.0,0,22.0,18,18,111,111,22,22,4,4,1
0.0,0.39253408004166646,6,19.0,12,18,75,111,16,22,1,4,0
1.0,1.0,0,22.0,18,18,111,111,22,22,4,4,1
0.0,0.5619878008230712,15,14.5,18,3,111,21,22,7,4,1,0
0.46835443037974683,1.0000000000000002,0,62.0,58,58,351,351,62,62,6,6,1
1.0,1.0,0,28.0,24,24,147,147,28,28,2,2,1
0.0,0.22709077644259607,40,42.0,18,58,111,351,22,62,4,6,0
0.0,0.7937278038769521,17,53.5,41,58,249,351,45,62,5,6,0
0.0,0.876507165497606,12,39.0,29,41,177,249,33,45,4,7,0
0.025,0.8640962977844941,34,45.0,58,24,351,147,62,28,6,3,1
1.0,1.0000000000000002,0,62.0,58,58,351,351,62,62,6,6,1
0.047619047619047616,0.4903707320303039,38,26.0,41,3,249,21,45,7,7,1,1
1.0,1.0000000000000002,0,45.0,41,41,249,249,45,45,5,5,1
0.017543859649122806,0.8504130796771027,0,62.0,58,58,351,351,62,62,6,6,1
0.0,0.4493831135201628,18,24.0,29,11,177,69,33,15,4,1,0
0.014492753623188406,0.6328652153324267,12,39.0,29,41,177,249,33,45,4,5,0
0.0,0.5365590946623766,23,16.5,24,1,147,10,28,5,2,1,1
0.4642857142857143,0.9987010125824429,0,45.0,41,41,249,249,45,45,7,7,1
1.0,1.0000000000000002,0,62.0,58,58,351,351,62,62,6,6,1
0.0,0.7914474501412454,0,45.0,41,41,249,249,45,45,5,5,0
0.08411214953271028,0.9769842736596757,0,62.0,58,58,351,351,62,62,6,6,1
0.0,0.22709077644259607,40,42.0,18,58,111,351,22,62,4,6,0
0.0,0.6283870409652172,17,53.5,41,58,249,351,45,62,7,6,0
0.0,0.647440540262274,0,13.0,9,9,57,57,13,13,2,1,0
1.0,1.0,0,33.0,29,29,177,177,33,33,4,4,1
0.0,0.8258238270914207,12,39.0,41,29,249,177,45,33,7,4,0
1.0,1.0,0,22.0,18,18,111,111,22,22,4,4,1
1.0,1.0,0,22.0,18,18,111,111,22,22,4,4,1
1.0,1.0,0,22.0,18,18,111,111,22,22,4,4,1
0.017543859649122806,0.8777432252332299,0,62.0,58,58,351,351,62,62,6,6,1
0.0,0.6144517607986664,36,27.0,41,5,249,33,45,9,7,2,0
1.0,1.0000000000000002,0,45.0,41,41,249,249,45,45,5,5,1
0.0,0.7793723161971511,15,20.5,24,9,147,57,28,13,2,1,1
0.02857142857142857,0.9069009865317379,12,22.0,24,12,147,75,28,16,2,1,1
1.0,1.0,0,22.0,18,18,111,111,22,22,4,4,1
1.0,1.0,0,33.0,29,29,177,177,33,33,4,4,1
0.0,0.24985305514769388,11,27.5,18,29,111,177,22,33,4,4,0
1.0,1.0000000000000002,0,45.0,41,41,249,249,45,45,7,7,1
0.025,0.9407965600938941,0,45.0,41,41,249,249,45,45,7,7,1
1.0,1.0,0,28.0,24,24,147,147,28,28,2,2,1
0.0,0.34852335286285996,55,34.5,58,3,351,21,62,7,6,1,0
0.43859649122807015,0.9987010125824429,0,45.0,41,41,249,249,45,45,7,7,1
0.0,0.18953826437255233,40,25.0,41,1,249,10,45,5,5,1,1
0.0,0.7811856120866689,0,45.0,41,41,249,249,45,45,5,5,1
0.030303030303030304,0.6341256039264731,48,38.0,58,10,351,63,62,14,6,1,1
1.0,1.0,0,22.0,18,18,111,111,22,22,4,4,1
0.047619047619047616,0.8069926304066608,16,37.0,41,25,249,153,45,29,5,3,1
0.047619047619047616,0.4903707320303039,38,26.0,41,3,249,21,45,7,7,1,1
0.0,0.7559445633885893,32,29.0,41,9,249,57,45,13,7,3,0
0.0,0.46033966224376827,20,35.0,21,41,129,249,25,45,2,5,0
0.0,0.8105965724848457,0,45.0,41,41,249,249,45,45,5,5,1
1.0,1.0,0,22.0,18,18,111,111,22,22,4,4,1
0.0,0.28165226182694175,51,36.5,7,58,45,351,11,62,1,6,0
0.0,0.7069757553581119,12,39.0,29,41,177,249,33,45,4,5,0
0.3898305084745763,0.9015777797787092,0,45.0,41,41,249,249,45,45,5,5,1
0.0,0.3041326209866569,17,13.5,18,1,111,10,22,5,4,1,0
1.0,1.0000000000000002,0,62.0,58,58,351,351,62,62,6,6,1
0.0,0.3484837125331693,23,33.5,41,18,249,111,45,22,7,4,0
0.0,0.47970907621735437,8,24.0,16,24,99,147,20,28,3,2,0
1.0,1.0000000000000002,0,45.0,41,41,249,249,45,45,7,7,1
0.03773584905660377,0.7456162385646908,27,31.5,41,14,249,87,45,18,7,2,1
0.0,0.6283870409652172,17,53.5,58,41,351,249,62,45,6,7,0
0.0,0.47290514334049066,43,40.5,15,58,93,351,19,62,1,6,0
1.0,1.0,0,22.0,18,18,111,111,22,22,4,4,1
1.0,1.0,0,22.0,18,18,111,111,22,22,4,4,1
1.0,1.0000000000000002,0,45.0,41,41,249,249,45,45,7,7,1
0.0,0.8250208241230523,12,39.0,29,41,177,249,33,45,4,7,0
0.0,0.6279785807323289,1,25.5,22,21,135,129,26,25,4,3,0
0.0,0.18953826437255233,40,25.0,41,1,249,10,45,5,5,1,1
1.0,1.0,0,22.0,18,18,111,111,22,22,4,4,1
1.0,1.0000000000000002,0,62.0,58,58,351,351,62,62,6,6,1
1.0,1.0,0,28.0,24,24,147,147,28,28,2,2,1
1.0,1.0000000000000002,0,62.0,58,58,351,351,62,62,6,6,1
1.0,1.0000000000000002,0,45.0,41,41,249,249,45,45,5,5,1
1.0,1.0,0,22.0,18,18,111,111,22,22,4,4,1
0.0,0.3954574869283541,23,33.5,18,41,111,249,22,45,4,5,0
1.0,1.0000000000000002,0,45.0,41,41,249,249,45,45,7,7,1
1.0,1.0,0,28.0,24,24,147,147,28,28,2,2,1
0.0,0.10334365519322315,23,16.5,24,1,147,10,28,5,2,1,0
0.0,0.7426442554411844,0,45.0,41,41,249,249,45,45,5,7,0
